Country,Economy (GDP per Capita),Family,Freedom,Generosity,Happiness Rank,Happiness Score,Health (Life Expectancy),Region,Trust (Government Corruption),Year
Switzerland,1.3965100000000001,1.34951,0.66557,0.29678000000000004,1,7.587000000000001,0.9414299999999999,Western Europe,0.41978000000000004,2015
Iceland,1.3023200000000001,1.4022299999999999,0.6287699999999999,0.4363,2,7.561,0.94784,Western Europe,0.14145,2015
Denmark,1.32548,1.36058,0.6493800000000001,0.34139,3,7.527,0.87464,Western Europe,0.48357,2015
Norway,1.459,1.33095,0.66973,0.34699,4,7.522,0.88521,Western Europe,0.36503,2015
Canada,1.32629,1.32261,0.63297,0.45811,5,7.4270000000000005,0.9056299999999999,North America,0.32957,2015
Finland,1.29025,1.31826,0.64169,0.23351,6,7.406000000000001,0.8891100000000001,Western Europe,0.41372,2015
Netherlands,1.32944,1.28017,0.6157600000000001,0.4761,7,7.377999999999999,0.89284,Western Europe,0.31814000000000003,2015
Sweden,1.33171,1.2890700000000002,0.6598,0.36262,8,7.364,0.9108700000000001,Western Europe,0.43843999999999994,2015
New Zealand,1.2501799999999998,1.3196700000000001,0.6393800000000001,0.47501000000000004,9,7.2860000000000005,0.9083700000000001,Australia and New Zealand,0.42922,2015
Australia,1.33358,1.30923,0.6512399999999999,0.43562,10,7.284,0.93156,Australia and New Zealand,0.35636999999999996,2015
Israel,1.2285700000000002,1.22393,0.41318999999999995,0.33171999999999996,11,7.278,0.9138700000000001,Middle East and Northern Africa,0.07785,2015
Costa Rica,0.95578,1.2378799999999999,0.63376,0.25497,12,7.226,0.8602700000000001,Latin America and Caribbean,0.10583,2015
Austria,1.33723,1.29704,0.62433,0.33088,13,7.2,0.8904200000000001,Western Europe,0.18675999999999998,2015
Mexico,1.02054,0.91451,0.48181,0.14074,14,7.187,0.8144399999999999,Latin America and Caribbean,0.21311999999999998,2015
United States,1.3945100000000001,1.24711,0.54604,0.40105,15,7.119,0.86179,North America,0.1589,2015
Brazil,0.98124,1.2328700000000001,0.49049,0.14574,16,6.983,0.69702,Latin America and Caribbean,0.17521,2015
Luxembourg,1.5639100000000001,1.21963,0.61583,0.28034000000000003,17,6.946000000000001,0.91894,Western Europe,0.37798000000000004,2015
Ireland,1.33596,1.36948,0.6177699999999999,0.45901000000000003,18,6.94,0.89533,Western Europe,0.28703,2015
Belgium,1.30782,1.28566,0.5845,0.2225,19,6.937,0.8966700000000001,Western Europe,0.2254,2015
United Arab Emirates,1.42727,1.12575,0.64157,0.26428,20,6.901,0.80925,Middle East and Northern Africa,0.38583,2015
United Kingdom,1.26637,1.28548,0.59625,0.51912,21,6.867000000000001,0.90943,Western Europe,0.32066999999999996,2015
Oman,1.36011,1.08182,0.63274,0.21541999999999997,22,6.853,0.76276,Middle East and Northern Africa,0.32524000000000003,2015
Venezuela,1.04424,1.25596,0.42908,0.058410000000000004,23,6.81,0.7205199999999999,Latin America and Caribbean,0.11069000000000001,2015
Singapore,1.52186,1.02,0.54252,0.31105,24,6.797999999999999,1.02525,Southeastern Asia,0.4921,2015
Panama,1.0635299999999999,1.1985,0.5421,0.24434,25,6.7860000000000005,0.79661,Latin America and Caribbean,0.0927,2015
Germany,1.32792,1.2993700000000001,0.6147699999999999,0.28214,26,6.75,0.89186,Western Europe,0.21843,2015
Chile,1.10715,1.12447,0.44132,0.33363000000000004,27,6.67,0.85857,Latin America and Caribbean,0.12869,2015
Qatar,1.69042,1.0786,0.6404,0.32573,28,6.611000000000001,0.79733,Middle East and Northern Africa,0.52208,2015
France,1.27778,1.2603799999999998,0.55011,0.12332,29,6.575,0.9457899999999999,Western Europe,0.20646,2015
Argentina,1.05351,1.24823,0.44974,0.11450999999999999,30,6.574,0.78723,Latin America and Caribbean,0.08484,2015
Czech Republic,1.17898,1.20643,0.46363999999999994,0.10686,31,6.505,0.84483,Central and Eastern Europe,0.02652,2015
Uruguay,1.06166,1.2089,0.6036199999999999,0.2324,32,6.485,0.8116,Latin America and Caribbean,0.24558000000000002,2015
Colombia,0.91861,1.2401799999999998,0.53466,0.18400999999999998,33,6.477,0.69077,Latin America and Caribbean,0.0512,2015
Thailand,0.9669,1.26504,0.5566399999999999,0.5763,34,6.455,0.7385,Southeastern Asia,0.031869999999999996,2015
Saudi Arabia,1.39541,1.0839299999999998,0.31048000000000003,0.13706,35,6.4110000000000005,0.72025,Middle East and Northern Africa,0.32524000000000003,2015
Spain,1.23011,1.31379,0.45951000000000003,0.18227000000000002,36,6.329,0.95562,Western Europe,0.06398,2015
Malta,1.2074,1.30203,0.60365,0.51752,37,6.3020000000000005,0.88721,Western Europe,0.13585999999999998,2015
Taiwan,1.29098,1.07617,0.3974,0.25376,38,6.297999999999999,0.8753,Eastern Asia,0.08129,2015
Kuwait,1.5542200000000002,1.16594,0.55499,0.16228,39,6.295,0.72492,Middle East and Northern Africa,0.25609,2015
Suriname,0.99534,0.972,0.5965699999999999,0.16990999999999998,40,6.269,0.6082,Latin America and Caribbean,0.13633,2015
Trinidad and Tobago,1.21183,1.18354,0.55884,0.31844,41,6.167999999999999,0.61483,Latin America and Caribbean,0.0114,2015
El Salvador,0.76454,1.0250700000000001,0.4035,0.10692,42,6.13,0.67737,Latin America and Caribbean,0.11775999999999999,2015
Guatemala,0.74553,1.04356,0.57733,0.27489,43,6.122999999999999,0.64425,Latin America and Caribbean,0.09472,2015
Uzbekistan,0.63244,1.34043,0.6582100000000001,0.22837,44,6.002999999999999,0.59772,Central and Eastern Europe,0.30826,2015
Slovakia,1.1689100000000001,1.26999,0.31751,0.16893,45,5.995,0.7890199999999999,Central and Eastern Europe,0.03431,2015
Japan,1.27074,1.25712,0.49615,0.10705,46,5.987,0.99111,Eastern Asia,0.1806,2015
South Korea,1.24461,0.9577399999999999,0.33208000000000004,0.18557,47,5.984,0.9653799999999999,Eastern Asia,0.07857,2015
Ecuador,0.8640200000000001,0.99903,0.48573999999999995,0.11540999999999998,48,5.975,0.79075,Latin America and Caribbean,0.1809,2015
Bahrain,1.32376,1.21624,0.45492,0.17362,49,5.96,0.74716,Middle East and Northern Africa,0.306,2015
Italy,1.25114,1.19777,0.26236,0.22823000000000002,50,5.9479999999999995,0.9544600000000001,Western Europe,0.02901,2015
Bolivia,0.68133,0.97841,0.57414,0.20536,51,5.89,0.5392,Latin America and Caribbean,0.08800000000000001,2015
Moldova,0.59448,1.01528,0.32818,0.20951,52,5.888999999999999,0.61826,Central and Eastern Europe,0.01615,2015
Paraguay,0.75985,1.30477,0.53899,0.3424,53,5.877999999999999,0.66098,Latin America and Caribbean,0.08242000000000001,2015
Kazakhstan,1.1225399999999999,1.1224100000000001,0.51649,0.11827,54,5.855,0.64368,Central and Eastern Europe,0.08454,2015
Slovenia,1.18498,1.27385,0.60855,0.25328,55,5.848,0.8733700000000001,Central and Eastern Europe,0.03787,2015
Lithuania,1.14723,1.25745,0.21341999999999997,0.026410000000000003,56,5.832999999999999,0.73128,Central and Eastern Europe,0.01031,2015
Nicaragua,0.59325,1.14184,0.55475,0.27815,57,5.827999999999999,0.7431399999999999,Latin America and Caribbean,0.19317,2015
Peru,0.9001899999999999,0.97459,0.41496000000000005,0.14982,58,5.824,0.73017,Latin America and Caribbean,0.05989,2015
Belarus,1.0319200000000002,1.23289,0.37938,0.11045999999999999,59,5.813,0.7360800000000001,Central and Eastern Europe,0.1909,2015
Poland,1.12555,1.27948,0.53122,0.16759000000000002,60,5.791,0.77903,Central and Eastern Europe,0.04212,2015
Malaysia,1.12486,1.07023,0.5302399999999999,0.33075,61,5.77,0.7239399999999999,Southeastern Asia,0.10500999999999999,2015
Croatia,1.08254,0.79624,0.25883,0.054439999999999995,62,5.7589999999999995,0.78805,Central and Eastern Europe,0.0243,2015
Libya,1.13145,1.1186200000000002,0.41668,0.18295,63,5.754,0.7038,Middle East and Northern Africa,0.11023,2015
Russia,1.13764,1.23617,0.36679,0.00199,64,5.716,0.6692600000000001,Central and Eastern Europe,0.03005,2015
Jamaica,0.81038,1.1510200000000002,0.50442,0.2123,65,5.709,0.6874100000000001,Latin America and Caribbean,0.02299,2015
North Cyprus,1.2080600000000001,1.07008,0.49027,0.26169000000000003,66,5.695,0.92356,Western Europe,0.1428,2015
Cyprus,1.20813,0.89318,0.40671999999999997,0.30638000000000004,67,5.689,0.92356,Western Europe,0.06146,2015
Algeria,0.93929,1.07772,0.28579,0.07822,68,5.605,0.61766,Middle East and Northern Africa,0.17382999999999998,2015
Kosovo,0.80148,0.81198,0.24749000000000002,0.2831,69,5.5889999999999995,0.63132,Central and Eastern Europe,0.04741,2015
Turkmenistan,0.95847,1.22668,0.4761,0.16979,70,5.547999999999999,0.53886,Central and Eastern Europe,0.30844,2015
Mauritius,1.0076100000000001,0.98521,0.56066,0.37744,71,5.477,0.7095,Sub-Saharan Africa,0.07521,2015
Hong Kong,1.38604,1.05818,0.59608,0.39478,72,5.474,1.01328,Eastern Asia,0.37124,2015
Estonia,1.15174,1.22791,0.44888,0.0868,73,5.428999999999999,0.77361,Central and Eastern Europe,0.15184,2015
Indonesia,0.8282700000000001,1.0870799999999998,0.46611,0.51535,74,5.399,0.63793,Southeastern Asia,0.0,2015
Vietnam,0.63216,0.9122600000000001,0.59444,0.1686,75,5.36,0.7467600000000001,Southeastern Asia,0.10440999999999999,2015
Turkey,1.06098,0.94632,0.22815,0.12253,76,5.332000000000001,0.73172,Middle East and Northern Africa,0.15746,2015
Kyrgyzstan,0.47428000000000003,1.15115,0.43477,0.3003,77,5.2860000000000005,0.65088,Central and Eastern Europe,0.042319999999999997,2015
Nigeria,0.65435,0.9043200000000001,0.34334000000000003,0.27233,78,5.268,0.16007000000000002,Sub-Saharan Africa,0.0403,2015
Bhutan,0.77042,1.10395,0.5320600000000001,0.47998,79,5.252999999999999,0.57407,Southern Asia,0.15445,2015
Azerbaijan,1.02389,0.9379299999999999,0.3703,0.07799,80,5.212000000000001,0.64045,Central and Eastern Europe,0.16065,2015
Pakistan,0.59543,0.41411000000000003,0.12102,0.33671,81,5.194,0.51466,Southern Asia,0.10464000000000001,2015
Jordan,0.9019799999999999,1.05392,0.40660999999999997,0.11052999999999999,82,5.192,0.69639,Middle East and Northern Africa,0.14293,2015
Montenegro,0.9743799999999999,0.9055700000000001,0.1826,0.1614,82,5.192,0.72521,Central and Eastern Europe,0.14296,2015
China,0.89012,0.94675,0.5169699999999999,0.08185,84,5.14,0.81658,Eastern Asia,0.02781,2015
Zambia,0.47038,0.91612,0.48827,0.19591,85,5.129,0.29924,Sub-Saharan Africa,0.12468,2015
Romania,1.04345,0.8858799999999999,0.35068,0.13748,86,5.124,0.7689,Central and Eastern Europe,0.006490000000000001,2015
Serbia,0.92053,1.0096399999999999,0.20107,0.19230999999999998,87,5.122999999999999,0.74836,Central and Eastern Europe,0.02617,2015
Portugal,1.15991,1.13935,0.51469,0.13719,88,5.102,0.8751899999999999,Western Europe,0.01078,2015
Latvia,1.11312,1.09562,0.29671,0.18225999999999998,89,5.098,0.72437,Central and Eastern Europe,0.06332,2015
Philippines,0.70532,1.03516,0.62545,0.24991,90,5.073,0.58114,Southeastern Asia,0.12279000000000001,2015
Somaliland region,0.18847,0.95152,0.46581999999999996,0.5031800000000001,91,5.0569999999999995,0.43873,Sub-Saharan Africa,0.39928,2015
Morocco,0.7347899999999999,0.64095,0.41691000000000006,0.07172,92,5.013,0.60954,Middle East and Northern Africa,0.08546000000000001,2015
Macedonia,0.91851,1.00232,0.33457,0.22359,93,5.007,0.73545,Central and Eastern Europe,0.053270000000000005,2015
Mozambique,0.08308,1.02626,0.34037,0.22269,94,4.971,0.09131,Sub-Saharan Africa,0.15603,2015
Albania,0.8786700000000001,0.8043399999999999,0.35733000000000004,0.14272,95,4.959,0.81325,Central and Eastern Europe,0.06412999999999999,2015
Bosnia and Herzegovina,0.8322299999999999,0.9191600000000001,0.09245,0.24808000000000002,96,4.949,0.79081,Central and Eastern Europe,0.00227,2015
Lesotho,0.37545,1.04103,0.31767,0.16388,97,4.898,0.07612000000000001,Sub-Saharan Africa,0.12504,2015
Dominican Republic,0.8953700000000001,1.17202,0.57672,0.21684,98,4.885,0.66825,Latin America and Caribbean,0.14234000000000002,2015
Laos,0.5906600000000001,0.73803,0.59591,0.42191999999999996,99,4.876,0.54909,Southeastern Asia,0.24249,2015
Mongolia,0.82819,1.3006,0.43626000000000004,0.3323,100,4.874,0.60268,Eastern Asia,0.026660000000000003,2015
Swaziland,0.71206,1.07284,0.30658,0.18259,101,4.867,0.07566,Sub-Saharan Africa,0.0306,2015
Greece,1.15406,0.9293299999999999,0.07699,0.0,102,4.857,0.88213,Western Europe,0.013969999999999998,2015
Lebanon,1.0256399999999999,0.80001,0.33916,0.21854,103,4.8389999999999995,0.83947,Middle East and Northern Africa,0.04582,2015
Hungary,1.12094,1.20215,0.32111999999999996,0.128,104,4.8,0.75905,Central and Eastern Europe,0.02758,2015
Honduras,0.59532,0.9534799999999999,0.40148,0.23026999999999997,105,4.788,0.6951,Latin America and Caribbean,0.06825,2015
Tajikistan,0.39047,0.8556299999999999,0.47216,0.22974,106,4.7860000000000005,0.5737899999999999,Central and Eastern Europe,0.15072,2015
Tunisia,0.88113,0.60429,0.26268,0.06431,107,4.739,0.73793,Middle East and Northern Africa,0.06358,2015
Palestinian Territories,0.59867,0.92558,0.24499,0.11250999999999999,108,4.715,0.66015,Middle East and Northern Africa,0.12905,2015
Bangladesh,0.39753,0.43106000000000005,0.4082,0.21222,109,4.694,0.60164,Southern Asia,0.12569,2015
Iran,1.0088,0.54447,0.30033000000000004,0.38086,110,4.686,0.69805,Middle East and Northern Africa,0.058629999999999995,2015
Ukraine,0.79907,1.20278,0.25123,0.15275,111,4.681,0.6739,Central and Eastern Europe,0.02961,2015
Iraq,0.98549,0.81889,0.0,0.17922000000000002,112,4.677,0.60237,Middle East and Northern Africa,0.13788,2015
South Africa,0.9204899999999999,1.18468,0.33207,0.11972999999999999,113,4.6419999999999995,0.27688,Sub-Saharan Africa,0.08884,2015
Ghana,0.5455800000000001,0.6795399999999999,0.42341999999999996,0.23087,114,4.633,0.40131999999999995,Sub-Saharan Africa,0.04355,2015
Zimbabwe,0.271,1.0327600000000001,0.25861,0.18987,115,4.61,0.33475,Sub-Saharan Africa,0.08079,2015
Liberia,0.0712,0.78968,0.28531,0.24361999999999998,116,4.571000000000001,0.34201,Sub-Saharan Africa,0.06232000000000001,2015
India,0.64499,0.38174,0.39786,0.26475,117,4.565,0.5152899999999999,Southern Asia,0.08492000000000001,2015
Sudan,0.52107,1.01404,0.10081,0.19062,118,4.55,0.36878,Sub-Saharan Africa,0.1466,2015
Haiti,0.26673,0.74302,0.24425,0.46187,119,4.518,0.38847,Latin America and Caribbean,0.17175,2015
Congo (Kinshasa),0.0,1.0012,0.22605,0.24834,120,4.5169999999999995,0.09806000000000001,Sub-Saharan Africa,0.07625,2015
Nepal,0.35996999999999996,0.86449,0.38282,0.32295999999999997,121,4.513999999999999,0.5687399999999999,Southern Asia,0.059070000000000004,2015
Ethiopia,0.19072999999999998,0.60406,0.4345,0.24325,122,4.512,0.44055,Sub-Saharan Africa,0.15048,2015
Sierra Leone,0.33024000000000003,0.9557100000000001,0.4084,0.21488000000000002,123,4.507,0.0,Sub-Saharan Africa,0.08786000000000001,2015
Mauritania,0.45407,0.86908,0.24231999999999998,0.21899999999999997,124,4.436,0.35874,Sub-Saharan Africa,0.17461,2015
Kenya,0.36471,0.99876,0.42215,0.37542,125,4.419,0.41435,Sub-Saharan Africa,0.05839,2015
Djibouti,0.44025,0.59207,0.46074,0.18093,126,4.369,0.36291,Sub-Saharan Africa,0.28105,2015
Armenia,0.7682100000000001,0.7771100000000001,0.19847,0.07855,127,4.35,0.7299,Central and Eastern Europe,0.039,2015
Botswana,0.99355,1.10464,0.49495,0.10461,128,4.332,0.047760000000000004,Sub-Saharan Africa,0.12474,2015
Myanmar,0.27108000000000004,0.70905,0.44017,0.79588,129,4.3069999999999995,0.48246000000000006,Southeastern Asia,0.19034,2015
Georgia,0.7419,0.38561999999999996,0.40576999999999996,0.055470000000000005,130,4.297,0.72926,Central and Eastern Europe,0.38331,2015
Malawi,0.016040000000000002,0.41134,0.43054,0.33128,131,4.292,0.22562,Sub-Saharan Africa,0.06977,2015
Sri Lanka,0.83524,1.01905,0.5372600000000001,0.40828000000000003,132,4.271,0.70806,Southern Asia,0.09179,2015
Cameroon,0.4225,0.8876700000000001,0.49309,0.20618000000000003,133,4.252,0.23401999999999998,Sub-Saharan Africa,0.05786,2015
Bulgaria,1.01216,1.10614,0.30587,0.11921,134,4.218,0.76649,Central and Eastern Europe,0.00872,2015
Egypt,0.8818,0.747,0.17288,0.11291,135,4.194,0.61712,Middle East and Northern Africa,0.06324,2015
Yemen,0.5464899999999999,0.68093,0.35570999999999997,0.09131,136,4.077,0.40064,Middle East and Northern Africa,0.07854,2015
Angola,0.75778,0.8604,0.10384000000000002,0.12344000000000001,137,4.033,0.16683,Sub-Saharan Africa,0.07122,2015
Mali,0.26074,1.03526,0.38856999999999997,0.18798,138,3.995,0.20583,Sub-Saharan Africa,0.12352,2015
Congo (Brazzaville),0.67866,0.6629,0.41466000000000003,0.12387999999999999,139,3.989,0.31051,Sub-Saharan Africa,0.11685999999999999,2015
Comoros,0.23906,0.79273,0.22916999999999998,0.17440999999999998,140,3.9560000000000004,0.36315,Sub-Saharan Africa,0.19899999999999998,2015
Uganda,0.21101999999999999,1.13299,0.45726999999999995,0.29066,141,3.931,0.33860999999999997,Sub-Saharan Africa,0.07267,2015
Senegal,0.36498,0.97619,0.36772,0.20843000000000003,142,3.904,0.4354,Sub-Saharan Africa,0.10712999999999999,2015
Gabon,1.06024,0.90528,0.31914000000000003,0.06822,143,3.8960000000000004,0.43372,Sub-Saharan Africa,0.11091,2015
Niger,0.0694,0.77265,0.47691999999999996,0.19387000000000001,144,3.845,0.29707,Sub-Saharan Africa,0.15639,2015
Cambodia,0.46038,0.62736,0.66246,0.40359,145,3.819,0.61114,Southeastern Asia,0.07247,2015
Tanzania,0.2852,1.00268,0.32878,0.34376999999999996,146,3.781,0.38215,Sub-Saharan Africa,0.05747000000000001,2015
Madagascar,0.20824,0.66801,0.19184,0.21333000000000002,147,3.681,0.46721,Sub-Saharan Africa,0.08123999999999999,2015
Central African Republic,0.0785,0.0,0.48878999999999995,0.23835,148,3.678,0.06699,Sub-Saharan Africa,0.08288999999999999,2015
Chad,0.34193,0.76062,0.23501,0.18386,149,3.667,0.1501,Sub-Saharan Africa,0.05269,2015
Guinea,0.17417,0.46475,0.37725,0.28657,150,3.656,0.24009,Sub-Saharan Africa,0.12139000000000001,2015
Ivory Coast,0.46534,0.77115,0.46866,0.20165,151,3.655,0.15185,Sub-Saharan Africa,0.17922000000000002,2015
Burkina Faso,0.25811999999999996,0.85188,0.39493,0.21746999999999997,152,3.5869999999999997,0.27125,Sub-Saharan Africa,0.12832000000000002,2015
Afghanistan,0.31982,0.30285,0.23414000000000001,0.3651,153,3.575,0.30335,Southern Asia,0.09719,2015
Rwanda,0.22208000000000003,0.7737,0.59201,0.22628,154,3.465,0.42863999999999997,Sub-Saharan Africa,0.55191,2015
Benin,0.28665,0.35386,0.4845,0.1826,155,3.34,0.3191,Sub-Saharan Africa,0.0801,2015
Syria,0.6632,0.47489,0.15684,0.47179,156,3.0060000000000002,0.7219300000000001,Middle East and Northern Africa,0.18905999999999998,2015
Burundi,0.0153,0.41586999999999996,0.1185,0.19727,157,2.905,0.22396,Sub-Saharan Africa,0.10062,2015
Togo,0.20868,0.13995,0.36453,0.16680999999999999,158,2.839,0.28443,Sub-Saharan Africa,0.10730999999999999,2015
Denmark,1.4417799999999998,1.16374,0.5794100000000001,0.36171,1,7.526,0.79504,Western Europe,0.44453000000000004,2016
Switzerland,1.5273299999999999,1.14524,0.58557,0.28083,2,7.5089999999999995,0.86303,Western Europe,0.41203,2016
Iceland,1.42666,1.18326,0.56624,0.47678000000000004,3,7.501,0.8673299999999999,Western Europe,0.14975,2016
Norway,1.57744,1.1269,0.59609,0.37895,4,7.497999999999999,0.79579,Western Europe,0.35775999999999997,2016
Finland,1.40598,1.1346399999999999,0.57104,0.25492,5,7.412999999999999,0.81091,Western Europe,0.41003999999999996,2016
Canada,1.44015,1.0961,0.5737,0.44833999999999996,6,7.404,0.8276,North America,0.31329,2016
Netherlands,1.46468,1.02912,0.55211,0.47416,7,7.3389999999999995,0.8123100000000001,Western Europe,0.29927,2016
New Zealand,1.36066,1.17278,0.5814699999999999,0.49401000000000006,8,7.334,0.83096,Australia and New Zealand,0.41903999999999997,2016
Australia,1.4444299999999999,1.10476,0.5683699999999999,0.47407,9,7.313,0.8512,Australia and New Zealand,0.32331,2016
Sweden,1.45181,1.08764,0.58218,0.38254,10,7.291,0.83121,Western Europe,0.40867,2016
Israel,1.33766,0.9953700000000001,0.36432,0.32288,11,7.267,0.8491700000000001,Middle East and Northern Africa,0.08728,2016
Austria,1.45038,1.0838299999999998,0.54355,0.32865,12,7.119,0.80565,Western Europe,0.21348000000000003,2016
United States,1.50796,1.04782,0.48163,0.41076999999999997,13,7.104,0.779,North America,0.14868,2016
Costa Rica,1.06879,1.02152,0.55225,0.22553,14,7.087000000000001,0.76146,Latin America and Caribbean,0.10547000000000001,2016
Puerto Rico,1.35943,1.08113,0.46823000000000004,0.22202,15,7.039,0.77758,Latin America and Caribbean,0.12275,2016
Germany,1.44787,1.09774,0.53466,0.30451999999999996,16,6.994,0.81487,Western Europe,0.28551,2016
Brazil,1.08754,1.03938,0.40425,0.15775999999999998,17,6.952000000000001,0.61415,Latin America and Caribbean,0.14165999999999998,2016
Belgium,1.42539,1.05249,0.51354,0.2424,18,6.928999999999999,0.8195899999999999,Western Europe,0.26248,2016
Ireland,1.4834100000000001,1.16157,0.54008,0.44963000000000003,19,6.907,0.81455,Western Europe,0.29754,2016
Luxembourg,1.6975200000000001,1.03999,0.5487,0.27571,20,6.871,0.8454200000000001,Western Europe,0.35329,2016
Mexico,1.1150799999999998,0.7146,0.37709000000000004,0.11735,21,6.778,0.71143,Latin America and Caribbean,0.18355,2016
Singapore,1.64555,0.8675799999999999,0.4877,0.32706,22,6.739,0.94719,Southeastern Asia,0.46986999999999995,2016
United Kingdom,1.40283,1.0867200000000001,0.50036,0.50156,23,6.725,0.80991,Western Europe,0.27399,2016
Chile,1.2167,0.9058700000000001,0.37789,0.31595,24,6.705,0.8188300000000001,Latin America and Caribbean,0.11450999999999999,2016
Panama,1.18306,0.9891200000000001,0.48927,0.2418,25,6.7010000000000005,0.70835,Latin America and Caribbean,0.08423,2016
Argentina,1.15137,1.0661200000000002,0.42283999999999994,0.10989000000000002,26,6.65,0.69711,Latin America and Caribbean,0.07296,2016
Czech Republic,1.30915,1.00793,0.41418,0.09929,27,6.596,0.76376,Central and Eastern Europe,0.03986,2016
United Arab Emirates,1.57352,0.8711399999999999,0.56215,0.26591,28,6.5729999999999995,0.72993,Middle East and Northern Africa,0.35561,2016
Uruguay,1.18157,1.0314299999999998,0.54388,0.18056,29,6.545,0.72183,Latin America and Caribbean,0.21394000000000002,2016
Malta,1.30782,1.09879,0.54994,0.56237,30,6.4879999999999995,0.80315,Western Europe,0.17554,2016
Colombia,1.0303200000000001,1.02169,0.44735,0.15625999999999998,31,6.481,0.59659,Latin America and Caribbean,0.053989999999999996,2016
France,1.39488,1.00508,0.46562,0.1216,32,6.478,0.83795,Western Europe,0.17808,2016
Thailand,1.0893,1.04477,0.49553,0.58696,33,6.474,0.64915,Southeastern Asia,0.02833,2016
Saudi Arabia,1.48953,0.84829,0.37904,0.15457,34,6.379,0.59267,Middle East and Northern Africa,0.30008,2016
Taiwan,1.39729,0.92624,0.32377,0.25495,34,6.379,0.79565,Eastern Asia,0.0663,2016
Qatar,1.82427,0.87964,0.56679,0.32388,36,6.375,0.71723,Middle East and Northern Africa,0.48049,2016
Spain,1.34253,1.12945,0.37545,0.17665,37,6.361000000000001,0.8789600000000001,Western Europe,0.06137000000000001,2016
Algeria,1.05266,0.83309,0.21006,0.07044,38,6.355,0.6180399999999999,Middle East and Northern Africa,0.16157,2016
Guatemala,0.83454,0.8711899999999999,0.50379,0.28808,39,6.324,0.5403899999999999,Latin America and Caribbean,0.08701,2016
Suriname,1.09686,0.77866,0.5223399999999999,0.16665,40,6.269,0.5093300000000001,Latin America and Caribbean,0.12692,2016
Kuwait,1.61714,0.8775799999999999,0.43166000000000004,0.15965,41,6.239,0.63569,Middle East and Northern Africa,0.23669,2016
Bahrain,1.44024,0.9439700000000001,0.47375,0.17147,42,6.218,0.65696,Middle East and Northern Africa,0.25772,2016
Trinidad and Tobago,1.32572,0.98569,0.48453,0.31935,43,6.167999999999999,0.52608,Latin America and Caribbean,0.01241,2016
Venezuela,1.1336700000000002,1.03302,0.19847,0.0425,44,6.084,0.6190399999999999,Latin America and Caribbean,0.08304,2016
Slovakia,1.27973,1.0826799999999999,0.23390999999999998,0.13837,45,6.077999999999999,0.70367,Central and Eastern Europe,0.02947,2016
El Salvador,0.8737,0.80975,0.37269,0.08877,46,6.068,0.596,Latin America and Caribbean,0.10613,2016
Malaysia,1.25142,0.88025,0.39031,0.41473999999999994,47,6.005,0.62366,Southeastern Asia,0.09081,2016
Nicaragua,0.69384,0.8952100000000001,0.46581999999999996,0.29773,48,5.992000000000001,0.65213,Latin America and Caribbean,0.16292,2016
Uzbekistan,0.7359100000000001,1.1681,0.60848,0.34326,49,5.987,0.50163,Central and Eastern Europe,0.28333,2016
Italy,1.35495,1.04167,0.18827,0.16684000000000002,50,5.977,0.8510200000000001,Western Europe,0.02556,2016
Ecuador,0.97306,0.85974,0.4027,0.10074,51,5.976,0.68613,Latin America and Caribbean,0.18037,2016
Belize,0.87616,0.68655,0.51231,0.23684000000000002,52,5.956,0.45569,Latin America and Caribbean,0.10770999999999999,2016
Japan,1.3800700000000001,1.06054,0.46761,0.10224,53,5.921,0.91491,Eastern Asia,0.18985,2016
Kazakhstan,1.22943,0.95544,0.4052,0.15011,54,5.919,0.57386,Central and Eastern Europe,0.11132,2016
Moldova,0.69177,0.8313200000000001,0.25201999999999997,0.19997,55,5.897,0.5230899999999999,Central and Eastern Europe,0.019030000000000002,2016
Russia,1.2322799999999998,1.05261,0.32682,0.027360000000000002,56,5.856,0.58991,Central and Eastern Europe,0.03586,2016
Poland,1.24585,1.04685,0.4519,0.14443,57,5.835,0.69058,Central and Eastern Europe,0.055,2016
South Korea,1.35948,0.7219399999999999,0.25168,0.18824000000000002,57,5.835,0.88645,Eastern Asia,0.07716,2016
Bolivia,0.79422,0.8377899999999999,0.50961,0.21698,59,5.822,0.4697,Latin America and Caribbean,0.07746,2016
Lithuania,1.2692,1.0641100000000001,0.18929,0.02025,60,5.813,0.64674,Central and Eastern Europe,0.0182,2016
Belarus,1.1306200000000002,1.04993,0.29091,0.13942000000000002,61,5.8020000000000005,0.6310399999999999,Central and Eastern Europe,0.17457,2016
North Cyprus,1.31141,0.81826,0.43596,0.26322,62,5.771,0.8414200000000001,Western Europe,0.16577999999999998,2016
Slovenia,1.2994700000000001,1.05613,0.53164,0.25738,63,5.768,0.79151,Central and Eastern Europe,0.03635,2016
Peru,0.9960200000000001,0.81255,0.37501999999999996,0.14527,64,5.742999999999999,0.6299399999999999,Latin America and Caribbean,0.05292,2016
Turkmenistan,1.08017,1.03817,0.37408,0.22566999999999998,65,5.6579999999999995,0.44006000000000006,Central and Eastern Europe,0.28467,2016
Mauritius,1.14372,0.75695,0.46145,0.36951,66,5.648,0.66189,Sub-Saharan Africa,0.05202999999999999,2016
Libya,1.0668799999999998,0.95076,0.40671999999999997,0.17087,67,5.615,0.52304,Middle East and Northern Africa,0.10339000000000001,2016
Latvia,1.2178799999999999,0.95025,0.27996,0.17445,68,5.56,0.63952,Central and Eastern Europe,0.0889,2016
Cyprus,1.31857,0.70697,0.29507,0.27906,69,5.546,0.8488,Western Europe,0.05227999999999999,2016
Paraguay,0.8937299999999999,1.11111,0.46235,0.25296,70,5.537999999999999,0.58295,Latin America and Caribbean,0.07396,2016
Romania,1.1697,0.7280300000000001,0.36712,0.12889,71,5.528,0.67602,Central and Eastern Europe,0.006790000000000001,2016
Estonia,1.2796399999999999,1.0516299999999998,0.41511000000000003,0.08423,72,5.517,0.68098,Central and Eastern Europe,0.18519000000000002,2016
Jamaica,0.89333,0.96372,0.43596999999999997,0.22245,73,5.51,0.5946899999999999,Latin America and Caribbean,0.04294,2016
Croatia,1.18649,0.6080899999999999,0.23906999999999998,0.18434,74,5.4879999999999995,0.70524,Central and Eastern Europe,0.04002,2016
Hong Kong,1.5107,0.87021,0.48078999999999994,0.40097,75,5.457999999999999,0.9527700000000001,Eastern Asia,0.31647,2016
Somalia,0.0,0.33613000000000004,0.5677800000000001,0.27225,76,5.44,0.11465999999999998,Sub-Saharan Africa,0.3118,2016
Kosovo,0.90145,0.66062,0.14396,0.27992,77,5.401,0.54,Central and Eastern Europe,0.06547,2016
Turkey,1.1649200000000002,0.8771700000000001,0.23889000000000002,0.04707,78,5.388999999999999,0.64718,Middle East and Northern Africa,0.12347999999999999,2016
Indonesia,0.95104,0.87625,0.39237,0.56521,79,5.314,0.49373999999999996,Southeastern Asia,0.00322,2016
Jordan,0.9967299999999999,0.86216,0.36023,0.14262,80,5.303,0.60712,Middle East and Northern Africa,0.13297,2016
Azerbaijan,1.12373,0.76042,0.35327,0.0564,81,5.291,0.54504,Central and Eastern Europe,0.17914000000000002,2016
Philippines,0.81217,0.87877,0.5485399999999999,0.21674000000000002,82,5.279,0.47036000000000006,Southeastern Asia,0.11757000000000001,2016
China,1.0278,0.79381,0.44011999999999996,0.049589999999999995,83,5.245,0.73561,Eastern Asia,0.02745,2016
Bhutan,0.8527,0.9083600000000001,0.46074,0.48546000000000006,84,5.196000000000001,0.49759,Southern Asia,0.1616,2016
Kyrgyzstan,0.5604399999999999,0.95434,0.40212,0.38432,85,5.185,0.5544899999999999,Central and Eastern Europe,0.047619999999999996,2016
Serbia,1.03437,0.81329,0.15718,0.20736999999999997,86,5.1770000000000005,0.6458,Central and Eastern Europe,0.04339,2016
Bosnia and Herzegovina,0.9338299999999999,0.64367,0.09511,0.29889,87,5.162999999999999,0.7076600000000001,Central and Eastern Europe,0.0,2016
Montenegro,1.07838,0.74173,0.15111,0.17190999999999998,88,5.1610000000000005,0.6353300000000001,Central and Eastern Europe,0.12721,2016
Dominican Republic,1.02787,0.9949600000000001,0.52259,0.21286,89,5.155,0.5766899999999999,Latin America and Caribbean,0.12372000000000001,2016
Morocco,0.8405799999999999,0.38595,0.25645999999999997,0.040530000000000004,90,5.151,0.5947100000000001,Middle East and Northern Africa,0.08404,2016
Hungary,1.24142,0.9316399999999999,0.1977,0.099,91,5.145,0.67608,Central and Eastern Europe,0.044719999999999996,2016
Pakistan,0.68816,0.26135,0.14622000000000002,0.31185,92,5.132000000000001,0.40306,Southern Asia,0.1388,2016
Lebanon,1.12268,0.64184,0.26228,0.23693000000000003,93,5.129,0.76171,Middle East and Northern Africa,0.030610000000000002,2016
Portugal,1.27607,0.9436700000000001,0.44727,0.11690999999999999,94,5.122999999999999,0.7936300000000001,Western Europe,0.01521,2016
Macedonia,1.0193,0.78236,0.27668000000000004,0.23506999999999997,95,5.121,0.6473800000000001,Central and Eastern Europe,0.07047,2016
Vietnam,0.74037,0.7911699999999999,0.5595399999999999,0.25075,96,5.061,0.66157,Southeastern Asia,0.11556,2016
Somaliland Region,0.25558000000000003,0.75862,0.3913,0.51479,97,5.0569999999999995,0.33108000000000004,Sub-Saharan Africa,0.36794,2016
Tunisia,0.97724,0.43165,0.23553000000000002,0.03936,98,5.045,0.59577,Middle East and Northern Africa,0.0817,2016
Greece,1.24886,0.75473,0.05822000000000001,0.0,99,5.033,0.80029,Western Europe,0.04127,2016
Tajikistan,0.48835,0.75602,0.43408,0.25998000000000004,100,4.996,0.5311899999999999,Central and Eastern Europe,0.13509000000000002,2016
Mongolia,0.9885299999999999,1.0898299999999999,0.35972,0.34539000000000003,101,4.907,0.55469,Eastern Asia,0.03285,2016
Laos,0.68042,0.5497,0.52168,0.43078999999999995,102,4.876,0.38291,Southeastern Asia,0.22423,2016
Nigeria,0.75216,0.64498,0.27854,0.23219,103,4.875,0.05108,Sub-Saharan Africa,0.0305,2016
Honduras,0.69429,0.7559600000000001,0.26755,0.2044,104,4.871,0.5838300000000001,Latin America and Caribbean,0.06906,2016
Iran,1.11758,0.38856999999999997,0.22544,0.38538,105,4.813,0.64232,Middle East and Northern Africa,0.0557,2016
Zambia,0.61202,0.6376,0.42662,0.17865999999999999,106,4.795,0.23573000000000002,Sub-Saharan Africa,0.11479,2016
Nepal,0.44626000000000005,0.69699,0.37012,0.3816,107,4.793,0.50073,Southern Asia,0.07007999999999999,2016
Palestinian Territories,0.67024,0.71629,0.17744000000000001,0.11154000000000001,108,4.754,0.56844,Middle East and Northern Africa,0.10613,2016
Albania,0.9553,0.50163,0.31866,0.1684,109,4.655,0.73007,Central and Eastern Europe,0.05301,2016
Bangladesh,0.54177,0.24749000000000002,0.39778,0.19132000000000002,110,4.643,0.52989,Southern Asia,0.12583,2016
Sierra Leone,0.36485,0.628,0.30685,0.23897,111,4.635,0.0,Sub-Saharan Africa,0.08196,2016
Iraq,1.07474,0.59205,0.24856,0.19589,112,4.575,0.51076,Middle East and Northern Africa,0.13635999999999998,2016
Namibia,0.9328700000000001,0.70362,0.48613999999999996,0.07795,113,4.574,0.34745,Sub-Saharan Africa,0.10397999999999999,2016
Cameroon,0.5249699999999999,0.62542,0.42736,0.2268,114,4.513,0.12697999999999998,Sub-Saharan Africa,0.06126,2016
Ethiopia,0.29283000000000003,0.37932,0.36703,0.29522,115,4.508,0.34578000000000003,Sub-Saharan Africa,0.1717,2016
South Africa,1.02416,0.9605299999999999,0.42483000000000004,0.13656,116,4.459,0.18611,Sub-Saharan Africa,0.08415,2016
Sri Lanka,0.9731799999999999,0.84783,0.50817,0.46978000000000003,117,4.415,0.62007,Southern Asia,0.07964,2016
India,0.74036,0.29247,0.40285,0.25028,118,4.404,0.45091000000000003,Southern Asia,0.08722,2016
Myanmar,0.34112,0.69981,0.42691999999999997,0.81971,119,4.395,0.3988,Southeastern Asia,0.20243,2016
Egypt,0.95395,0.49813,0.18847,0.12705999999999998,120,4.362,0.5211600000000001,Middle East and Northern Africa,0.10393,2016
Armenia,0.8608600000000001,0.6247699999999999,0.14037,0.07793,121,4.36,0.64083,Central and Eastern Europe,0.036160000000000005,2016
Kenya,0.52267,0.7624,0.40576,0.41328000000000004,122,4.356,0.30146999999999996,Sub-Saharan Africa,0.06686,2016
Ukraine,0.87287,1.01413,0.12859,0.20363,123,4.324,0.58628,Central and Eastern Europe,0.01829,2016
Ghana,0.63107,0.49353,0.40973000000000004,0.21203000000000002,124,4.276,0.29681,Sub-Saharan Africa,0.0326,2016
Congo (Kinshasa),0.05661,0.80676,0.15602,0.25458000000000003,125,4.272,0.188,Sub-Saharan Africa,0.06075,2016
Georgia,0.8379200000000001,0.19249000000000002,0.32461,0.06786,126,4.252,0.64035,Central and Eastern Europe,0.3188,2016
Congo (Brazzaville),0.7710899999999999,0.47798999999999997,0.37938,0.12077,127,4.236000000000001,0.28212,Sub-Saharan Africa,0.09752999999999999,2016
Senegal,0.44314,0.7741600000000001,0.31056,0.19103,128,4.218999999999999,0.40457,Sub-Saharan Africa,0.11681,2016
Bulgaria,1.11306,0.92542,0.21219000000000002,0.12793,129,4.217,0.67806,Central and Eastern Europe,0.00615,2016
Mauritania,0.6139100000000001,0.8414200000000001,0.1268,0.22685999999999998,130,4.2010000000000005,0.28639000000000003,Sub-Saharan Africa,0.17955,2016
Zimbabwe,0.35041,0.71478,0.25429,0.18503,131,4.1930000000000005,0.1595,Sub-Saharan Africa,0.08582000000000001,2016
Malawi,0.08709,0.147,0.4143,0.30968,132,4.156000000000001,0.29364,Sub-Saharan Africa,0.07564,2016
Sudan,0.63069,0.8192799999999999,0.0,0.18077000000000001,133,4.138999999999999,0.29759,Sub-Saharan Africa,0.10039,2016
Gabon,1.15851,0.72368,0.28098,0.062439999999999996,134,4.121,0.3494,Sub-Saharan Africa,0.09314,2016
Mali,0.31292,0.8633299999999999,0.27544,0.21064000000000002,135,4.073,0.16347,Sub-Saharan Africa,0.13647,2016
Haiti,0.34097,0.29561,0.12072000000000001,0.47958,136,4.0280000000000005,0.27494,Latin America and Caribbean,0.14476,2016
Botswana,1.09426,0.89186,0.44088999999999995,0.12425,137,3.9739999999999998,0.34752,Sub-Saharan Africa,0.10769000000000001,2016
Comoros,0.27509,0.60323,0.15412,0.1827,138,3.9560000000000004,0.29980999999999997,Sub-Saharan Africa,0.18437,2016
Ivory Coast,0.55507,0.57576,0.40663,0.20338,139,3.9160000000000004,0.04476,Sub-Saharan Africa,0.1553,2016
Cambodia,0.55604,0.5375,0.5885199999999999,0.40339,140,3.907,0.42494,Southeastern Asia,0.08092,2016
Angola,0.84731,0.66366,0.00589,0.12070999999999998,141,3.866,0.04991,Sub-Saharan Africa,0.08434,2016
Niger,0.1327,0.6053,0.38040999999999997,0.2097,142,3.8560000000000003,0.26161999999999996,Sub-Saharan Africa,0.17176,2016
South Sudan,0.39394,0.18519000000000002,0.19662000000000002,0.25899,143,3.832,0.15780999999999998,Sub-Saharan Africa,0.13015,2016
Chad,0.42213999999999996,0.63178,0.12807000000000002,0.18667,144,3.763,0.038239999999999996,Sub-Saharan Africa,0.04952,2016
Burkina Faso,0.31995,0.63054,0.3337,0.24353000000000002,145,3.739,0.21297,Sub-Saharan Africa,0.12533,2016
Uganda,0.34719,0.90981,0.43653000000000003,0.27102,145,3.739,0.19625,Sub-Saharan Africa,0.06442,2016
Yemen,0.57939,0.47493,0.2287,0.09821,147,3.7239999999999998,0.31048000000000003,Middle East and Northern Africa,0.05892000000000001,2016
Madagascar,0.27954,0.46115,0.13684000000000002,0.2204,148,3.695,0.37109000000000003,Sub-Saharan Africa,0.07506,2016
Tanzania,0.47155,0.77623,0.3176,0.31472,149,3.6660000000000004,0.35700000000000004,Sub-Saharan Africa,0.05099,2016
Liberia,0.10705999999999999,0.50353,0.25748000000000004,0.24063,150,3.622,0.23165,Sub-Saharan Africa,0.04852,2016
Guinea,0.22415,0.3109,0.30953,0.29914,151,3.6069999999999998,0.18829,Sub-Saharan Africa,0.1192,2016
Rwanda,0.32846,0.6158600000000001,0.5432,0.23551999999999998,152,3.515,0.31865,Sub-Saharan Africa,0.50521,2016
Benin,0.39499,0.10419,0.39747,0.2018,153,3.484,0.21028000000000002,Sub-Saharan Africa,0.06681000000000001,2016
Afghanistan,0.38227,0.11037000000000001,0.1643,0.31268,154,3.36,0.17344,Southern Asia,0.07112,2016
Togo,0.28123000000000004,0.0,0.34678000000000003,0.17517,155,3.303,0.24811,Sub-Saharan Africa,0.11587,2016
Syria,0.7471899999999999,0.14866,0.06912,0.48396999999999996,156,3.069,0.6299399999999999,Middle East and Northern Africa,0.17232999999999998,2016
Burundi,0.06831,0.23442,0.0432,0.2029,157,2.905,0.15747,Sub-Saharan Africa,0.09419,2016
Norway,1.6164631843566901,1.53352355957031,0.635422587394714,0.36201223731041,1,7.537000179290769,0.796666502952576,Western Europe,0.31596383452415505,2017
Denmark,1.48238301277161,1.55112159252167,0.626006722450256,0.3552804887294771,2,7.52199983596802,0.7925655245780941,Western Europe,0.40077006816863997,2017
Iceland,1.480633020401,1.6105740070343,0.6271626353263849,0.47554022073745705,3,7.50400018692017,0.8335521221160892,Western Europe,0.15352655947208402,2017
Switzerland,1.5649795532226598,1.51691174507141,0.620070576667786,0.29054927825927696,4,7.49399995803833,0.858131289482117,Western Europe,0.36700728535652205,2017
Finland,1.44357192516327,1.5402467250824,0.6179508566856379,0.24548277258873,5,7.468999862670901,0.80915766954422,Western Europe,0.38261154294014,2017
Netherlands,1.50394463539124,1.42893922328949,0.5853844881057739,0.47048982977867104,6,7.3769998550415,0.8106961250305179,Western Europe,0.282661825418472,2017
Canada,1.47920441627502,1.48134899139404,0.611100912094116,0.435539722442627,7,7.31599998474121,0.83455765247345,North America,0.287371516227722,2017
New Zealand,1.40570604801178,1.54819512367249,0.6140621304512021,0.500005125999451,8,7.31400012969971,0.816759705543518,Australia and New Zealand,0.38281670212745705,2017
Sweden,1.49438726902008,1.47816216945648,0.612924098968506,0.38539925217628496,9,7.28399991989136,0.830875158309937,Western Europe,0.384398728609085,2017
Australia,1.4844149351120002,1.5100419521331798,0.601607382297516,0.47769924998283403,10,7.28399991989136,0.84388679265976,Australia and New Zealand,0.301183730363846,2017
Israel,1.3753824234008798,1.37628996372223,0.40598860383033797,0.330082654953003,11,7.212999820709231,0.83840399980545,Middle East and Northern Africa,0.0852421000599861,2017
Costa Rica,1.10970628261566,1.4164036512374898,0.580131649971008,0.21461322903633104,12,7.0789999961853,0.7595092654228209,Latin America and Caribbean,0.100106589496136,2017
Austria,1.4870972633361799,1.4599449634552,0.567766189575195,0.316472321748734,13,7.00600004196167,0.8153284192085269,Western Europe,0.22106036543846105,2017
United States,1.54625928401947,1.4199205636978103,0.505740523338318,0.392578780651093,14,6.993000030517581,0.7742866277694699,North America,0.135638788342476,2017
Ireland,1.5357066392898602,1.5582311153411899,0.5731103420257571,0.42785832285881,15,6.9770002365112305,0.8097826242446899,Western Europe,0.29838815331459007,2017
Germany,1.48792338371277,1.47252035140991,0.562511384487152,0.33626917004585305,16,6.9510002136230495,0.798950731754303,Western Europe,0.276731938123703,2017
Belgium,1.4637807607650801,1.4623126983642598,0.5397707223892211,0.23150333762168898,17,6.89099979400635,0.8180918693542479,Western Europe,0.251343131065369,2017
Luxembourg,1.74194359779358,1.45758366584778,0.59662789106369,0.283180981874466,18,6.86299991607666,0.845089495182037,Western Europe,0.31883442401886,2017
United Kingdom,1.44163393974304,1.4964600801467902,0.508190035820007,0.492774158716202,19,6.71400022506714,0.805335938930511,Western Europe,0.265428066253662,2017
Chile,1.25278460979462,1.28402495384216,0.376895278692245,0.3266624212265011,20,6.65199995040894,0.8194797039031979,Latin America and Caribbean,0.0822879821062088,2017
United Arab Emirates,1.6263433694839498,1.2664102315902699,0.60834527015686,0.3609419465065,21,6.6479997634887695,0.726798236370087,Middle East and Northern Africa,0.324489563703537,2017
Brazil,1.1073532104492199,1.43130600452423,0.437453746795654,0.16234989464282998,22,6.6350002288818395,0.6165523529052729,Latin America and Caribbean,0.11109276115894301,2017
Czech Republic,1.35268235206604,1.4338852167129499,0.49094617366790794,0.0881067588925362,23,6.60900020599365,0.754444003105164,Central and Eastern Europe,0.0368729270994663,2017
Argentina,1.18529546260834,1.44045114517212,0.49451920390129106,0.109457060694695,24,6.59899997711182,0.695137083530426,Latin America and Caribbean,0.05973988771438599,2017
Mexico,1.1531838178634601,1.2108621597290001,0.412730008363724,0.12099043279886199,25,6.57800006866455,0.709978997707367,Latin America and Caribbean,0.132774114608765,2017
Singapore,1.69227766990662,1.35381436347961,0.549840569496155,0.345965981483459,26,6.57200002670288,0.9494923949241642,Southeastern Asia,0.46430778503417997,2017
Malta,1.34327983856201,1.48841166496277,0.588767051696777,0.5747305750846861,27,6.52699995040894,0.821944236755371,Western Europe,0.153066068887711,2017
Uruguay,1.2175596952438401,1.4122278690338101,0.5793922543525699,0.175096929073334,28,6.4539999961853,0.719216823577881,Latin America and Caribbean,0.17806187272071802,2017
Guatemala,0.872001945972443,1.25558519363403,0.5313106179237371,0.283488392829895,29,6.4539999961853,0.540239989757538,Latin America and Caribbean,0.0772232785820961,2017
Panama,1.23374843597412,1.3731925487518302,0.550026834011078,0.21055693924427,30,6.4520001411438,0.706156134605408,Latin America and Caribbean,0.070983923971653,2017
France,1.43092346191406,1.38777685165405,0.470222115516663,0.129762306809425,31,6.44199991226196,0.8444658517837521,Western Europe,0.172502428293228,2017
Thailand,1.12786877155304,1.4257924556732198,0.580200731754303,0.572123110294342,32,6.4239997863769505,0.647239029407501,Southeastern Asia,0.0316127352416515,2017
Taiwan Province of China,1.4336265325546298,1.38456535339355,0.361466586589813,0.258360475301743,33,6.42199993133545,0.793984234333038,Eastern Asia,0.0638292357325554,2017
Spain,1.38439786434174,1.53209090232849,0.408781230449677,0.190133571624756,34,6.40299987792969,0.888960599899292,Western Europe,0.0709140971302986,2017
Qatar,1.8707656860351598,1.27429687976837,0.604130983352661,0.33047387003898604,35,6.375,0.7100980877876278,Middle East and Northern Africa,0.43929925560951205,2017
Colombia,1.07062232494354,1.4021829366683998,0.47748741507530196,0.14901447296142598,36,6.35699987411499,0.595027923583984,Latin America and Caribbean,0.0466687418520451,2017
Saudi Arabia,1.53062355518341,1.28667759895325,0.449750572443008,0.147616013884544,37,6.343999862670901,0.590148329734802,Middle East and Northern Africa,0.27343225479126004,2017
Trinidad and Tobago,1.36135590076447,1.3802285194397,0.518630743026733,0.32529646158218395,38,6.1680002212524405,0.5199832916259771,Latin America and Caribbean,0.00896481610834599,2017
Kuwait,1.63295245170593,1.25969874858856,0.49633759260177596,0.228289797902107,39,6.10500001907349,0.6321057081222529,Middle East and Northern Africa,0.21515955030918102,2017
Slovakia,1.32539355754852,1.5050592422485398,0.295817464590073,0.136544480919838,40,6.09800004959106,0.712732911109924,Central and Eastern Europe,0.0242108516395092,2017
Bahrain,1.4884122610092199,1.3231104612350502,0.536746919155121,0.17266848683357197,41,6.08699989318848,0.653133034706116,Middle East and Northern Africa,0.257042169570923,2017
Malaysia,1.29121541976929,1.28464603424072,0.40226498246192893,0.416608929634094,42,6.08400011062622,0.618784427642822,Southeastern Asia,0.0656007081270218,2017
Nicaragua,0.737299203872681,1.28721570968628,0.447551846504211,0.301674216985703,43,6.07100009918213,0.6530959606170649,Latin America and Caribbean,0.130687981843948,2017
Ecuador,1.00082039833069,1.2861688137054401,0.4551981985569,0.15011246502399403,44,6.00799989700317,0.685636222362518,Latin America and Caribbean,0.140134647488594,2017
El Salvador,0.9097844958305359,1.1821250915527302,0.432452529668808,0.0782579854130745,45,6.002999782562259,0.596018552780151,Latin America and Caribbean,0.0899809598922729,2017
Poland,1.29178786277771,1.44571197032928,0.520342111587524,0.158465966582298,46,5.97300004959106,0.699475347995758,Central and Eastern Europe,0.0593078061938286,2017
Uzbekistan,0.786441087722778,1.5489691495895401,0.6582486629486078,0.41598364710807795,47,5.97100019454956,0.498272627592087,Central and Eastern Europe,0.246528223156929,2017
Italy,1.3950666189193701,1.44492328166962,0.256450712680817,0.17278964817523998,48,5.96400022506714,0.8531443476676941,Western Europe,0.0280280914157629,2017
Russia,1.28177809715271,1.46928238868713,0.373783111572266,0.0522638224065304,49,5.962999820709231,0.547349333763123,Central and Eastern Europe,0.0329628810286522,2017
Belize,0.907975316047668,1.0814177989959701,0.5475093722343439,0.24001564085483604,50,5.955999851226809,0.45019176602363603,Latin America and Caribbean,0.0965810716152191,2017
Japan,1.41691517829895,1.43633782863617,0.505625545978546,0.12057276815175999,51,5.92000007629395,0.9134758710861209,Eastern Asia,0.163760736584663,2017
Lithuania,1.3145823478698702,1.47351610660553,0.234231784939766,0.010164656676352,52,5.90199995040894,0.62894994020462,Central and Eastern Europe,0.0118656428530812,2017
Algeria,1.09186446666718,1.1462174654007,0.233335807919502,0.0694366469979286,53,5.872000217437741,0.6175846457481379,Middle East and Northern Africa,0.14609611034393302,2017
Latvia,1.26074862480164,1.40471494197845,0.32570791244506797,0.153074786067009,54,5.849999904632571,0.638566970825195,Central and Eastern Europe,0.0738427266478539,2017
South Korea,1.40167844295502,1.1282744407653797,0.257921665906906,0.206674367189407,55,5.837999820709231,0.900214076042175,Eastern Asia,0.0632826685905457,2017
Moldova,0.7288706302642819,1.25182557106018,0.24072904884815197,0.20877912640571603,56,5.837999820709231,0.5894652009010309,Central and Eastern Europe,0.0100912861526012,2017
Romania,1.21768391132355,1.15009129047394,0.457003742456436,0.133519917726517,57,5.824999809265139,0.6851583123207089,Central and Eastern Europe,0.0043879006989300294,2017
Bolivia,0.833756566047668,1.2276190519332901,0.5587329268455511,0.22556072473526,58,5.82299995422363,0.47363024950027505,Latin America and Caribbean,0.0604777261614799,2017
Turkmenistan,1.1307767629623402,1.49314916133881,0.41827192902565,0.24992498755454998,59,5.82200002670288,0.437726080417633,Central and Eastern Europe,0.25927034020423895,2017
Kazakhstan,1.2845562696456898,1.3843690156936599,0.43745428323745705,0.20196442306041698,60,5.8189997673034695,0.6060415506362921,Central and Eastern Europe,0.11928288638591802,2017
North Cyprus,1.3469113111496,1.18630337715149,0.47120362520217896,0.266845703125,61,5.80999994277954,0.834647238254547,Western Europe,0.155353352427483,2017
Slovenia,1.3412059545516999,1.4525188207626298,0.572575807571411,0.242649093270302,62,5.75799989700317,0.7908282279968258,Central and Eastern Europe,0.0451289787888527,2017
Peru,1.0352252721786501,1.21877038478851,0.45000287890434293,0.126819714903831,63,5.71500015258789,0.6301661133766171,Latin America and Caribbean,0.0470490865409374,2017
Mauritius,1.1893955469131499,1.20956099033356,0.491247326135635,0.360933750867844,64,5.62900018692017,0.6380074620246889,Sub-Saharan Africa,0.0421815551817417,2017
Cyprus,1.3559380769729599,1.13136327266693,0.35511153936386103,0.271254301071167,65,5.62099981307983,0.84471470117569,Western Europe,0.0412379764020443,2017
Estonia,1.3208793401718102,1.47667109966278,0.479131430387497,0.0988908112049103,66,5.61100006103516,0.695168316364288,Central and Eastern Europe,0.18324892222881303,2017
Belarus,1.15655755996704,1.4449452161788898,0.295400261878967,0.15513750910759,67,5.5689997673034695,0.6377142667770389,Central and Eastern Europe,0.156313821673393,2017
Libya,1.1018030643463101,1.3575643301010099,0.465733230113983,0.15207366645336198,68,5.525000095367429,0.520169019699097,Middle East and Northern Africa,0.0926102101802826,2017
Turkey,1.1982743740081798,1.33775317668915,0.300740599632263,0.0466930419206619,69,5.5,0.6376056075096129,Middle East and Northern Africa,0.0996715798974037,2017
Paraguay,0.932537317276001,1.50728487968445,0.473507791757584,0.224150657653809,70,5.493000030517581,0.579250693321228,Latin America and Caribbean,0.091065913438797,2017
"Hong Kong S.A.R., China",1.55167484283447,1.26279091835022,0.490968644618988,0.374465793371201,71,5.47200012207031,0.943062424659729,Eastern Asia,0.29393374919891396,2017
Philippines,0.85769921541214,1.25391757488251,0.585214674472809,0.193513423204422,72,5.42999982833862,0.46800905466079706,Southeastern Asia,0.0993318930268288,2017
Serbia,1.06931757926941,1.2581897974014298,0.20871552824974102,0.22012588381767298,73,5.39499998092651,0.65078467130661,Central and Eastern Europe,0.0409037806093693,2017
Jordan,0.9910123944282528,1.2390888929367099,0.418421149253845,0.17217046022415197,74,5.33599996566772,0.6045900583267211,Middle East and Northern Africa,0.11980327218771002,2017
Hungary,1.2860119342803997,1.34313309192657,0.17586351931095098,0.0784016624093056,75,5.32399988174438,0.6877634525299069,Central and Eastern Europe,0.0366369374096394,2017
Jamaica,0.925579309463501,1.3682180643081698,0.474307239055634,0.23381833732128102,76,5.31099987030029,0.6410223841667181,Latin America and Caribbean,0.0552677810192108,2017
Croatia,1.22255623340607,0.9679830074310299,0.255772292613983,0.248002976179123,77,5.2930002212524405,0.701288521289825,Central and Eastern Europe,0.0431031100451946,2017
Kosovo,0.951484382152557,1.1378535032272301,0.260287940502167,0.319931447505951,78,5.27899980545044,0.541452050209045,Central and Eastern Europe,0.0574716180562973,2017
China,1.08116579055786,1.16083741188049,0.47278770804405196,0.0288068410009146,79,5.2729997634887695,0.741415500640869,Eastern Asia,0.0227942746132612,2017
Pakistan,0.7268835306167599,0.6726906895637509,0.23521526157856,0.31544601917266807,80,5.26900005340576,0.40204778313636796,Southern Asia,0.12434806674718901,2017
Indonesia,0.995538592338562,1.2744446992874099,0.443323463201523,0.611704587936401,81,5.26200008392334,0.49234572052955605,Southeastern Asia,0.0153171354904771,2017
Venezuela,1.12843120098114,1.43133759498596,0.15399712324142498,0.0650196298956871,82,5.25,0.617144227027893,Latin America and Caribbean,0.0644911229610443,2017
Montenegro,1.12112903594971,1.23837649822235,0.194989055395126,0.197911024093628,83,5.23699998855591,0.6674646735191351,Central and Eastern Europe,0.0881741940975189,2017
Morocco,0.8781145811080929,0.774864435195923,0.408158332109451,0.0322099551558495,84,5.2350001335144,0.59771066904068,Middle East and Northern Africa,0.0877631828188896,2017
Azerbaijan,1.1536017656326298,1.15240025520325,0.39815583825111406,0.0452693402767181,85,5.234000205993651,0.5407757759094239,Central and Eastern Europe,0.180987507104874,2017
Dominican Republic,1.07937383651733,1.4024167060852097,0.55258983373642,0.186967849731445,86,5.230000019073491,0.574873745441437,Latin America and Caribbean,0.113945253193378,2017
Greece,1.28948748111725,1.23941457271576,0.0957312509417534,0.0,87,5.2270002365112305,0.8101989030838009,Western Europe,0.043289776891470004,2017
Lebanon,1.07498753070831,1.1296242475509601,0.28851598501205394,0.26445075869560203,88,5.22499990463257,0.7350810766220089,Middle East and Northern Africa,0.037513829767704,2017
Portugal,1.3151752948761002,1.36704301834106,0.498465299606323,0.0951027125120163,89,5.19500017166138,0.795843541622162,Western Europe,0.0158694516867399,2017
Bosnia and Herzegovina,0.982409417629242,1.0693359375,0.204403176903725,0.328867495059967,90,5.18200016021729,0.705186307430267,Central and Eastern Europe,0.0,2017
Honduras,0.730573117733002,1.14394497871399,0.348079860210419,0.23618887364864302,91,5.1810002326965305,0.582569479942322,Latin America and Caribbean,0.0733454525470734,2017
Macedonia,1.06457793712616,1.20789301395416,0.325905978679657,0.25376096367836,92,5.175000190734861,0.644948184490204,Central and Eastern Europe,0.0602777935564518,2017
Somalia,0.0226431842893362,0.7211513519287109,0.602126955986023,0.291631311178207,93,5.151000022888179,0.11398913711309401,Sub-Saharan Africa,0.28241032361984303,2017
Vietnam,0.7885475754737851,1.27749133110046,0.571055591106415,0.23496805131435397,94,5.07399988174438,0.6521689891815191,Southeastern Asia,0.0876332372426987,2017
Nigeria,0.783756256103516,1.21577048301697,0.394952565431595,0.23094719648361198,95,5.07399988174438,0.0569157302379608,Sub-Saharan Africa,0.0261215660721064,2017
Tajikistan,0.524713635444641,1.27146327495575,0.47156670689582797,0.24899764358997303,96,5.04099988937378,0.5292351245880129,Central and Eastern Europe,0.14637714624404902,2017
Bhutan,0.885416388511658,1.3401265144348102,0.5015376806259161,0.474054545164108,97,5.01100015640259,0.495879292488098,Southern Asia,0.17338038980960802,2017
Kyrgyzstan,0.5962200760841371,1.39423859119415,0.454943388700485,0.42858037352562,98,5.0040001869201705,0.553457796573639,Central and Eastern Europe,0.0394391790032387,2017
Nepal,0.479820191860199,1.17928326129913,0.44030594825744607,0.39409616589546204,99,4.961999893188481,0.504130780696869,Southern Asia,0.0729755461215973,2017
Mongolia,1.0272358655929599,1.4930112361908001,0.39414396882057207,0.338464230298996,100,4.95499992370605,0.557783484458923,Eastern Asia,0.0329022891819477,2017
South Africa,1.05469870567322,1.38478863239288,0.479246735572815,0.13936237990856198,101,4.8289999961853,0.18708007037639604,Sub-Saharan Africa,0.0725094974040985,2017
Tunisia,1.00726580619812,0.8683514595031742,0.289680689573288,0.0496933571994305,102,4.80499982833862,0.613212049007416,Middle East and Northern Africa,0.0867231488227844,2017
Palestinian Territories,0.716249227523804,1.1556471586227401,0.25471106171608,0.114173173904419,103,4.77500009536743,0.565666973590851,Middle East and Northern Africa,0.0892826020717621,2017
Egypt,0.989701807498932,0.997471392154694,0.28211015462875394,0.128631442785263,104,4.7350001335144,0.520187258720398,Middle East and Northern Africa,0.114381365478039,2017
Bulgaria,1.1614590883255,1.4343794584274299,0.28923171758651695,0.113177694380283,105,4.71400022506714,0.708217680454254,Central and Eastern Europe,0.0110515309497714,2017
Sierra Leone,0.36842092871666,0.984136044979095,0.318697690963745,0.293040901422501,106,4.70900011062622,0.005564753897488121,Sub-Saharan Africa,0.0710951760411263,2017
Cameroon,0.564305365085602,0.946018218994141,0.430388748645782,0.23629845678806302,107,4.69500017166138,0.132892116904259,Sub-Saharan Africa,0.0513066314160824,2017
Iran,1.15687310695648,0.7115512490272521,0.24932260811328896,0.387242913246155,108,4.69199991226196,0.639333188533783,Middle East and Northern Africa,0.048761073499918005,2017
Albania,0.996192753314972,0.8036852478981021,0.381498634815216,0.20131294429302202,109,4.64400005340576,0.731159746646881,Central and Eastern Europe,0.0398642159998417,2017
Bangladesh,0.586682975292206,0.735131740570068,0.478356659412384,0.17225535213947304,110,4.60799980163574,0.533241033554077,Southern Asia,0.123717859387398,2017
Namibia,0.964434325695038,1.0984708070755,0.520303547382355,0.0771337449550629,111,4.57399988174438,0.33861181139946,Sub-Saharan Africa,0.0931469723582268,2017
Kenya,0.560479462146759,1.0679507255554201,0.45276376605033897,0.444860309362411,112,4.55299997329712,0.30998834967613204,Sub-Saharan Africa,0.0646413192152977,2017
Mozambique,0.23430564999580397,0.870701014995575,0.48079109191894503,0.322228103876114,113,4.550000190734861,0.10665443539619399,Sub-Saharan Africa,0.17943638563156103,2017
Myanmar,0.36711055040359497,1.12323594093323,0.514492034912109,0.8380751609802249,114,4.54500007629395,0.397522568702698,Southeastern Asia,0.188816204667091,2017
Senegal,0.479309022426605,1.17969191074371,0.37792226672172496,0.183468893170357,115,4.53499984741211,0.409362852573395,Sub-Saharan Africa,0.11546044796705199,2017
Zambia,0.6364067792892459,1.00318729877472,0.461603492498398,0.249580144882202,116,4.513999938964839,0.25783589482307395,Sub-Saharan Africa,0.0782135501503944,2017
Iraq,1.1027104854583702,0.978613197803497,0.288555532693863,0.19963726401329,117,4.49700021743774,0.501180469989777,Middle East and Northern Africa,0.10721575468778599,2017
Gabon,1.1982102394104,1.1556202173233001,0.31232857704162603,0.0437853783369064,118,4.46500015258789,0.35657858848571794,Sub-Saharan Africa,0.0760467872023582,2017
Ethiopia,0.339233845472336,0.8646692037582401,0.408842742443085,0.31265074014663696,119,4.46000003814697,0.35340970754623396,Sub-Saharan Africa,0.16545571386814098,2017
Sri Lanka,1.00985014438629,1.25997638702393,0.561213254928589,0.49086356163024897,120,4.44000005722046,0.625130832195282,Southern Asia,0.0736539661884308,2017
Armenia,0.900596737861633,1.00748372077942,0.198303267359734,0.0834880918264389,121,4.37599992752075,0.637524425983429,Central and Eastern Europe,0.0266744215041399,2017
India,0.7922212481498722,0.754372596740723,0.469987004995346,0.23153848946094502,122,4.31500005722046,0.455427616834641,Southern Asia,0.0922268852591515,2017
Mauritania,0.6484572887420649,1.2720308303833001,0.0960980430245399,0.201870024204254,123,4.29199981689453,0.285349279642105,Sub-Saharan Africa,0.136957004666328,2017
Congo (Brazzaville),0.8089642524719242,0.8320443630218509,0.4350258708000179,0.12085212767124198,124,4.29099988937378,0.28995743393898,Sub-Saharan Africa,0.0796181336045265,2017
Georgia,0.950612664222717,0.57061493396759,0.309410035610199,0.0540088154375553,125,4.28599977493286,0.649546980857849,Central and Eastern Europe,0.25166663527488703,2017
Congo (Kinshasa),0.0921023488044739,1.22902345657349,0.235961347818375,0.246455833315849,126,4.2800002098083505,0.191407024860382,Sub-Saharan Africa,0.0602413564920425,2017
Mali,0.476180493831635,1.2814733982086202,0.306613743305206,0.183354198932648,127,4.19000005722046,0.16936567425727803,Sub-Saharan Africa,0.10497024655342098,2017
Ivory Coast,0.6030489206314089,0.904780030250549,0.4477061927318571,0.201237469911575,128,4.17999982833862,0.0486421696841717,Sub-Saharan Africa,0.130061775445938,2017
Cambodia,0.6017650961875921,1.00623834133148,0.633375823497772,0.385922968387604,129,4.1680002212524405,0.429783403873444,Southeastern Asia,0.0681059509515762,2017
Sudan,0.6595166921615601,1.21400856971741,0.0149958552792668,0.182317450642586,130,4.138999938964839,0.290920823812485,Sub-Saharan Africa,0.089847519993782,2017
Ghana,0.667224824428558,0.873664736747742,0.423026293516159,0.25692394375801103,131,4.11999988555908,0.29563772678375205,Sub-Saharan Africa,0.0253363698720932,2017
Ukraine,0.89465194940567,1.39453756809235,0.12297477573156401,0.270061463117599,132,4.09600019454956,0.575903952121735,Central and Eastern Europe,0.0230294708162546,2017
Uganda,0.381430715322495,1.12982773780823,0.443185955286026,0.32576605677604703,133,4.08099985122681,0.21763260662555703,Sub-Saharan Africa,0.057069718837738,2017
Burkina Faso,0.35022771358490007,1.04328000545502,0.32436785101890603,0.250864684581757,134,4.03200006484985,0.21584425866603896,Sub-Saharan Africa,0.12032810598611803,2017
Niger,0.16192533075809498,0.993025004863739,0.36365869641304,0.22867384552955602,135,4.02799987792969,0.26850500702858,Sub-Saharan Africa,0.13857294619083402,2017
Malawi,0.233442038297653,0.5125688314437871,0.466914653778076,0.28717046976089505,136,3.97000002861023,0.315089583396912,Sub-Saharan Africa,0.0727116540074348,2017
Chad,0.43801298737525896,0.953855872154236,0.16234202682972002,0.21611385047435802,137,3.9360001087188703,0.0411347150802612,Sub-Saharan Africa,0.0535818822681904,2017
Zimbabwe,0.37584653496742204,1.08309590816498,0.336384207010269,0.189143493771553,138,3.875,0.19676375389099102,Sub-Saharan Africa,0.0953753814101219,2017
Lesotho,0.521021246910095,1.19009518623352,0.390661299228668,0.157497271895409,139,3.80800008773804,0.0,Sub-Saharan Africa,0.119094640016556,2017
Angola,0.8584281802177429,1.1044119596481299,0.0,0.09792649000883098,140,3.79500007629395,0.0498686656355858,Sub-Saharan Africa,0.0697203353047371,2017
Afghanistan,0.401477217674255,0.581543326377869,0.106179520487785,0.311870932579041,141,3.7939999103546103,0.18074677884578697,Southern Asia,0.0611578300595284,2017
Botswana,1.12209415435791,1.2215549945831299,0.505196332931519,0.0993484482169151,142,3.7660000324249303,0.34175550937652605,Sub-Saharan Africa,0.0985831990838051,2017
Benin,0.43108540773391707,0.43529984354972795,0.42596277594566295,0.207948461174965,143,3.65700006484985,0.20993021130561804,Sub-Saharan Africa,0.0609290152788162,2017
Madagascar,0.305808693170547,0.9130203723907471,0.18919676542282102,0.208732530474663,144,3.64400005340576,0.375223308801651,Sub-Saharan Africa,0.0672319754958153,2017
Haiti,0.368610262870789,0.640449821949005,0.0303698573261499,0.48920378088951094,145,3.6029999256133998,0.277321130037308,Latin America and Caribbean,0.0998721495270729,2017
Yemen,0.5916834473609921,0.93538224697113,0.24946372210979503,0.104125209152699,146,3.59299993515015,0.310080915689468,Middle East and Northern Africa,0.0567674227058887,2017
South Sudan,0.39724862575531,0.601323127746582,0.147062435746193,0.285670816898346,147,3.5910000801086404,0.163486003875732,Sub-Saharan Africa,0.116793513298035,2017
Liberia,0.11904179304838199,0.8721179366111759,0.33288118243217496,0.26654988527298,148,3.5329999923706095,0.229918196797371,Sub-Saharan Africa,0.0389482490718365,2017
Guinea,0.24454993009567302,0.7912446856498722,0.348587512969971,0.264815092086792,149,3.50699996948242,0.194129139184952,Sub-Saharan Africa,0.110937617719173,2017
Togo,0.30544471740722695,0.4318825304508211,0.38042613863945,0.19689615070819896,150,3.4949998855590803,0.247105568647385,Sub-Saharan Africa,0.0956650152802467,2017
Rwanda,0.368745893239975,0.945707023143768,0.5818438529968261,0.25275602936744695,151,3.47099995613098,0.326424807310104,Sub-Saharan Africa,0.455220013856888,2017
Syria,0.777153134346008,0.396102607250214,0.0815394446253777,0.49366372823715204,152,3.46199989318848,0.5005333423614501,Middle East and Northern Africa,0.15134713053703303,2017
Tanzania,0.511135876178741,1.04198980331421,0.390017777681351,0.354256361722946,153,3.34899997711182,0.364509284496307,Sub-Saharan Africa,0.0660351067781448,2017
Burundi,0.09162256866693501,0.629793584346771,0.0599007532000542,0.20443518459796897,154,2.90499997138977,0.151610791683197,Sub-Saharan Africa,0.0841479450464249,2017
Central African Republic,0.0,0.0,0.270842045545578,0.280876487493515,155,2.69300007820129,0.0187726859003305,Sub-Saharan Africa,0.0565650761127472,2017
Finland,1.305,1.5919999999999999,0.6809999999999999,0.20199999999999999,1,7.632000000000001,0.8740000000000001,Western Europe,0.39299999999999996,2018
Norway,1.456,1.5819999999999999,0.6859999999999999,0.28600000000000003,2,7.593999999999999,0.861,Western Europe,0.34,2018
Denmark,1.351,1.59,0.6829999999999999,0.284,3,7.555,0.868,Western Europe,0.408,2018
Iceland,1.3430000000000002,1.6440000000000001,0.677,0.353,4,7.495,0.914,Western Europe,0.138,2018
Switzerland,1.42,1.5490000000000002,0.66,0.256,5,7.487,0.927,Western Europe,0.35700000000000004,2018
Netherlands,1.361,1.4880000000000002,0.638,0.33299999999999996,6,7.441,0.878,Western Europe,0.295,2018
Canada,1.33,1.5319999999999998,0.653,0.321,7,7.327999999999999,0.8959999999999999,North America,0.29100000000000004,2018
New Zealand,1.268,1.601,0.669,0.365,8,7.324,0.8759999999999999,Australia and New Zealand,0.389,2018
Sweden,1.355,1.501,0.659,0.285,9,7.314,0.9129999999999999,Western Europe,0.38299999999999995,2018
Australia,1.34,1.5730000000000002,0.647,0.361,10,7.272,0.91,Australia and New Zealand,0.302,2018
United Kingdom,1.244,1.433,0.46399999999999997,0.262,11,7.19,0.888,Western Europe,0.08199999999999999,2018
Austria,1.341,1.504,0.617,0.242,12,7.138999999999999,0.8909999999999999,Western Europe,0.22399999999999998,2018
Costa Rica,1.01,1.459,0.632,0.14300000000000002,13,7.072,0.8170000000000001,Latin America and Caribbean,0.10099999999999999,2018
Ireland,1.4480000000000002,1.5830000000000002,0.614,0.307,14,6.977,0.8759999999999999,Western Europe,0.306,2018
Germany,1.34,1.474,0.586,0.273,15,6.965,0.861,Western Europe,0.28,2018
Belgium,1.324,1.483,0.583,0.188,16,6.9270000000000005,0.894,Western Europe,0.24,2018
Luxembourg,1.5759999999999998,1.52,0.632,0.196,17,6.91,0.8959999999999999,Western Europe,0.321,2018
United States,1.3980000000000001,1.4709999999999999,0.547,0.29100000000000004,18,6.886,0.8190000000000001,North America,0.133,2018
Israel,1.301,1.5590000000000002,0.5329999999999999,0.354,19,6.814,0.883,Middle East and Northern Africa,0.272,2018
United Arab Emirates,2.096,0.7759999999999999,0.284,0.18600000000000003,20,6.774,0.67,Middle East and Northern Africa,,2018
Czech Republic,1.2329999999999999,1.489,0.5429999999999999,0.064,21,6.711,0.8540000000000001,Central and Eastern Europe,0.034,2018
Malta,1.27,1.525,0.645,0.376,22,6.627000000000001,0.884,Western Europe,0.142,2018
France,1.2930000000000001,1.466,0.52,0.098,23,6.489,0.9079999999999999,Western Europe,0.17600000000000002,2018
Mexico,1.038,1.252,0.479,0.069,24,6.4879999999999995,0.7609999999999999,Latin America and Caribbean,0.095,2018
Chile,1.131,1.331,0.431,0.19699999999999998,25,6.476,0.8079999999999999,Latin America and Caribbean,0.061,2018
Taiwan,1.365,1.436,0.418,0.151,26,6.441,0.857,Eastern Asia,0.078,2018
Panama,1.112,1.4380000000000002,0.597,0.125,27,6.43,0.759,Latin America and Caribbean,0.063,2018
Brazil,0.986,1.474,0.493,0.11,28,6.419,0.675,Latin America and Caribbean,0.08800000000000001,2018
Argentina,1.073,1.4680000000000002,0.57,0.062,29,6.388,0.7440000000000001,Latin America and Caribbean,0.054000000000000006,2018
Guatemala,0.7809999999999999,1.268,0.604,0.179,30,6.382000000000001,0.608,Latin America and Caribbean,0.071,2018
Uruguay,1.093,1.459,0.625,0.13,31,6.379,0.7709999999999999,Latin America and Caribbean,0.155,2018
Qatar,1.649,1.3030000000000002,0.654,0.256,32,6.374,0.748,Middle East and Northern Africa,0.171,2018
Saudi Arabia,1.379,1.331,0.509,0.098,33,6.371,0.633,Middle East and Northern Africa,0.127,2018
Singapore,1.5290000000000001,1.4509999999999998,0.631,0.261,34,6.343,1.008,Southeastern Asia,0.457,2018
Malaysia,1.161,1.258,0.35600000000000004,0.311,35,6.322,0.669,Southeastern Asia,0.059000000000000004,2018
Spain,1.251,1.538,0.449,0.142,36,6.31,0.965,Western Europe,0.07400000000000001,2018
Colombia,0.96,1.439,0.531,0.099,37,6.26,0.635,Latin America and Caribbean,0.039,2018
Trinidad & Tobago,1.2229999999999999,1.492,0.575,0.171,38,6.192,0.564,Latin America and Caribbean,0.019,2018
Slovakia,1.21,1.537,0.354,0.11800000000000001,39,6.172999999999999,0.7759999999999999,Central and Eastern Europe,0.013999999999999999,2018
El Salvador,0.8059999999999999,1.2309999999999999,0.461,0.065,40,6.167000000000001,0.639,Latin America and Caribbean,0.08199999999999999,2018
Nicaragua,0.6679999999999999,1.319,0.527,0.20800000000000002,41,6.141,0.7,Latin America and Caribbean,0.128,2018
Poland,1.176,1.4480000000000002,0.546,0.10800000000000001,42,6.122999999999999,0.7809999999999999,Central and Eastern Europe,0.064,2018
Bahrain,1.338,1.3659999999999999,0.594,0.243,43,6.105,0.698,Middle East and Northern Africa,0.12300000000000001,2018
Uzbekistan,0.7190000000000001,1.584,0.7240000000000001,0.32799999999999996,44,6.096,0.605,Central and Eastern Europe,0.259,2018
Kuwait,1.474,1.301,0.5539999999999999,0.16699999999999998,45,6.082999999999999,0.675,Middle East and Northern Africa,0.106,2018
Thailand,1.016,1.4169999999999998,0.637,0.364,46,6.072,0.7070000000000001,Southeastern Asia,0.028999999999999998,2018
Italy,1.264,1.501,0.281,0.13699999999999998,47,6.0,0.946,Western Europe,0.027999999999999997,2018
Ecuador,0.889,1.33,0.556,0.114,48,5.973,0.736,Latin America and Caribbean,0.12,2018
Belize,0.807,1.101,0.593,0.183,49,5.956,0.474,Latin America and Caribbean,0.08900000000000001,2018
Lithuania,1.197,1.527,0.35,0.026000000000000002,50,5.952000000000001,0.716,Central and Eastern Europe,0.006,2018
Slovenia,1.219,1.506,0.633,0.16,51,5.9479999999999995,0.856,Central and Eastern Europe,0.051,2018
Romania,1.1159999999999999,1.219,0.528,0.08800000000000001,52,5.945,0.726,Central and Eastern Europe,0.001,2018
Latvia,1.148,1.454,0.363,0.092,53,5.933,0.6709999999999999,Central and Eastern Europe,0.066,2018
Japan,1.294,1.462,0.5529999999999999,0.079,54,5.915,0.988,Eastern Asia,0.15,2018
Mauritius,1.09,1.3869999999999998,0.584,0.245,55,5.891,0.684,Sub-Saharan Africa,0.05,2018
Jamaica,0.8190000000000001,1.493,0.575,0.096,56,5.89,0.693,Latin America and Caribbean,0.031,2018
South Korea,1.266,1.204,0.244,0.175,57,5.875,0.955,Eastern Asia,0.051,2018
Northern Cyprus,1.229,1.2109999999999999,0.495,0.179,58,5.835,0.909,Western Europe,0.154,2018
Russia,1.151,1.479,0.39899999999999997,0.065,59,5.81,0.599,Central and Eastern Europe,0.025,2018
Kazakhstan,1.143,1.516,0.45399999999999996,0.14800000000000002,60,5.79,0.631,Central and Eastern Europe,0.121,2018
Cyprus,1.229,1.1909999999999998,0.423,0.20199999999999999,61,5.7620000000000005,0.909,Western Europe,0.035,2018
Bolivia,0.7509999999999999,1.2229999999999999,0.606,0.141,62,5.752000000000001,0.508,Latin America and Caribbean,0.054000000000000006,2018
Estonia,1.2,1.5319999999999998,0.5529999999999999,0.086,63,5.739,0.737,Central and Eastern Europe,0.174,2018
Paraguay,0.835,1.5219999999999998,0.541,0.162,64,5.681,0.615,Latin America and Caribbean,0.07400000000000001,2018
Peru,0.934,1.249,0.53,0.092,65,5.662999999999999,0.674,Latin America and Caribbean,0.034,2018
Kosovo,0.855,1.23,0.44799999999999995,0.27399999999999997,66,5.662000000000001,0.578,Central and Eastern Europe,0.023,2018
Moldova,0.657,1.301,0.23199999999999998,0.171,67,5.64,0.62,Central and Eastern Europe,0.0,2018
Turkmenistan,1.016,1.5330000000000001,0.41700000000000004,0.19899999999999998,68,5.636,0.517,Central and Eastern Europe,0.037000000000000005,2018
Hungary,1.171,1.401,0.259,0.061,69,5.62,0.732,Central and Eastern Europe,0.022000000000000002,2018
Libya,0.985,1.35,0.496,0.11599999999999999,70,5.566,0.5529999999999999,Middle East and Northern Africa,0.14800000000000002,2018
Philippines,0.775,1.3119999999999998,0.643,0.12,71,5.524,0.513,Southeastern Asia,0.105,2018
Honduras,0.62,1.205,0.45899999999999996,0.19699999999999998,72,5.504,0.622,Latin America and Caribbean,0.07400000000000001,2018
Belarus,1.0390000000000001,1.4980000000000002,0.307,0.10099999999999999,73,5.483,0.7,Central and Eastern Europe,0.154,2018
Turkey,1.148,1.38,0.324,0.106,74,5.483,0.6859999999999999,Middle East and Northern Africa,0.109,2018
Pakistan,0.652,0.81,0.33399999999999996,0.21600000000000003,75,5.472,0.424,Southern Asia,0.113,2018
Hong Kong,1.405,1.29,0.524,0.24600000000000002,76,5.43,1.03,Eastern Asia,0.29100000000000004,2018
Portugal,1.188,1.429,0.562,0.055,77,5.41,0.884,Western Europe,0.017,2018
Serbia,0.975,1.369,0.28800000000000003,0.134,78,5.398,0.685,Central and Eastern Europe,0.043,2018
Greece,1.1540000000000001,1.202,0.131,0.0,79,5.358,0.879,Western Europe,0.044000000000000004,2018
Lebanon,0.965,1.179,0.503,0.214,80,5.358,0.785,Middle East and Northern Africa,0.136,2018
Montenegro,1.0170000000000001,1.2790000000000001,0.259,0.111,81,5.347,0.7290000000000001,Central and Eastern Europe,0.081,2018
Croatia,1.115,1.161,0.38,0.12,82,5.321000000000001,0.737,Central and Eastern Europe,0.039,2018
Dominican Republic,0.982,1.4409999999999998,0.578,0.12,83,5.3020000000000005,0.614,Latin America and Caribbean,0.106,2018
Algeria,0.9790000000000001,1.1540000000000001,0.077,0.055,84,5.295,0.687,Middle East and Northern Africa,0.135,2018
Morocco,0.779,0.797,0.46,0.026000000000000002,85,5.254,0.669,Middle East and Northern Africa,0.07400000000000001,2018
China,0.9890000000000001,1.1420000000000001,0.597,0.028999999999999998,86,5.246,0.799,Eastern Asia,0.10300000000000001,2018
Azerbaijan,1.024,1.161,0.43,0.031,87,5.2010000000000005,0.603,Central and Eastern Europe,0.17600000000000002,2018
Tajikistan,0.474,1.166,0.292,0.187,88,5.199,0.598,Central and Eastern Europe,0.034,2018
Macedonia,0.9590000000000001,1.239,0.39399999999999996,0.17300000000000001,89,5.185,0.691,Central and Eastern Europe,0.052000000000000005,2018
Jordan,0.8220000000000001,1.265,0.46799999999999997,0.13,90,5.1610000000000005,0.645,Middle East and Northern Africa,0.134,2018
Nigeria,0.6890000000000001,1.172,0.462,0.201,91,5.155,0.048,Sub-Saharan Africa,0.032,2018
Kyrgyzstan,0.53,1.416,0.54,0.281,92,5.131,0.594,Central and Eastern Europe,0.035,2018
Bosnia and Herzegovina,0.915,1.078,0.28,0.21600000000000003,93,5.129,0.758,Central and Eastern Europe,0.0,2018
Mongolia,0.914,1.517,0.395,0.253,94,5.125,0.575,Eastern Asia,0.032,2018
Vietnam,0.715,1.365,0.618,0.177,95,5.103,0.7020000000000001,Southeastern Asia,0.079,2018
Indonesia,0.899,1.215,0.5379999999999999,0.484,96,5.093,0.522,Southeastern Asia,0.018000000000000002,2018
Bhutan,0.7959999999999999,1.335,0.541,0.364,97,5.082,0.527,Southern Asia,0.171,2018
Somalia,0.0,0.7120000000000001,0.674,0.23800000000000002,98,4.982,0.115,Sub-Saharan Africa,0.282,2018
Cameroon,0.535,0.8909999999999999,0.45399999999999996,0.183,99,4.975,0.182,Sub-Saharan Africa,0.043,2018
Bulgaria,1.054,1.515,0.359,0.064,100,4.933,0.7120000000000001,Central and Eastern Europe,0.009000000000000001,2018
Nepal,0.425,1.228,0.526,0.302,101,4.88,0.539,Southern Asia,0.078,2018
Venezuela,0.996,1.469,0.133,0.055999999999999994,102,4.806,0.657,Latin America and Caribbean,0.052000000000000005,2018
Gabon,1.036,1.1640000000000001,0.35600000000000004,0.032,103,4.758,0.40399999999999997,Sub-Saharan Africa,0.052000000000000005,2018
Palestinian Territories,0.642,1.217,0.266,0.086,104,4.743,0.602,Middle East and Northern Africa,0.076,2018
South Africa,0.94,1.41,0.516,0.10300000000000001,105,4.724,0.33,Sub-Saharan Africa,0.055999999999999994,2018
Iran,1.0590000000000002,0.7709999999999999,0.45899999999999996,0.282,106,4.707,0.691,Middle East and Northern Africa,0.129,2018
Ivory Coast,0.541,0.872,0.467,0.146,107,4.671,0.08,Sub-Saharan Africa,0.10300000000000001,2018
Ghana,0.5920000000000001,0.8959999999999999,0.499,0.212,108,4.657,0.337,Sub-Saharan Africa,0.028999999999999998,2018
Senegal,0.429,1.117,0.406,0.138,109,4.631,0.433,Sub-Saharan Africa,0.08199999999999999,2018
Laos,0.72,1.034,0.626,0.23,110,4.623,0.441,Southeastern Asia,0.174,2018
Tunisia,0.9,0.9059999999999999,0.271,0.04,111,4.592,0.69,Middle East and Northern Africa,0.063,2018
Albania,0.9159999999999999,0.8170000000000001,0.419,0.149,112,4.586,0.79,Central and Eastern Europe,0.032,2018
Sierra Leone,0.256,0.813,0.355,0.23800000000000002,113,4.571000000000001,0.0,Sub-Saharan Africa,0.053,2018
Congo (Brazzaville),0.682,0.8109999999999999,0.514,0.091,114,4.559,0.34299999999999997,Sub-Saharan Africa,0.077,2018
Bangladesh,0.532,0.85,0.58,0.153,115,4.5,0.579,Southern Asia,0.14400000000000002,2018
Sri Lanka,0.9179999999999999,1.314,0.585,0.307,116,4.471,0.672,Southern Asia,0.05,2018
Iraq,1.01,0.971,0.304,0.14800000000000002,117,4.456,0.536,Middle East and Northern Africa,0.095,2018
Mali,0.37,1.2329999999999999,0.36700000000000005,0.139,118,4.447,0.152,Sub-Saharan Africa,0.055999999999999994,2018
Namibia,0.8740000000000001,1.281,0.519,0.051,119,4.441,0.365,Sub-Saharan Africa,0.064,2018
Cambodia,0.5489999999999999,1.088,0.696,0.256,120,4.433,0.457,Southeastern Asia,0.065,2018
Burkina Faso,0.314,1.097,0.312,0.175,121,4.4239999999999995,0.254,Sub-Saharan Africa,0.128,2018
Egypt,0.885,1.025,0.312,0.092,122,4.419,0.5529999999999999,Middle East and Northern Africa,0.107,2018
Mozambique,0.198,0.902,0.531,0.20600000000000002,123,4.417,0.17300000000000001,Sub-Saharan Africa,0.158,2018
Kenya,0.493,1.048,0.504,0.35200000000000004,124,4.41,0.45399999999999996,Sub-Saharan Africa,0.055,2018
Zambia,0.562,1.047,0.503,0.221,125,4.377,0.295,Sub-Saharan Africa,0.08199999999999999,2018
Mauritania,0.557,1.245,0.129,0.134,126,4.356,0.292,Sub-Saharan Africa,0.09300000000000001,2018
Ethiopia,0.308,0.95,0.452,0.22,127,4.35,0.391,Sub-Saharan Africa,0.146,2018
Georgia,0.853,0.5920000000000001,0.375,0.038,128,4.34,0.643,Central and Eastern Europe,0.215,2018
Armenia,0.816,0.99,0.26,0.077,129,4.321000000000001,0.6659999999999999,Central and Eastern Europe,0.027999999999999997,2018
Myanmar,0.682,1.1740000000000002,0.58,0.598,130,4.308,0.429,Southeastern Asia,0.17800000000000002,2018
Chad,0.358,0.907,0.18899999999999997,0.18100000000000002,131,4.301,0.053,Sub-Saharan Africa,0.06,2018
Congo (Kinshasa),0.069,1.136,0.312,0.19699999999999998,132,4.245,0.204,Sub-Saharan Africa,0.052000000000000005,2018
India,0.721,0.747,0.539,0.172,133,4.19,0.485,Southern Asia,0.09300000000000001,2018
Niger,0.131,0.867,0.39,0.175,134,4.166,0.221,Sub-Saharan Africa,0.099,2018
Uganda,0.322,1.09,0.45,0.259,135,4.1610000000000005,0.237,Sub-Saharan Africa,0.061,2018
Benin,0.37799999999999995,0.37200000000000005,0.44,0.163,136,4.141,0.24,Sub-Saharan Africa,0.067,2018
Sudan,0.605,1.24,0.016,0.134,137,4.138999999999999,0.312,Sub-Saharan Africa,0.08199999999999999,2018
Ukraine,0.7929999999999999,1.413,0.163,0.187,138,4.103,0.609,Central and Eastern Europe,0.011000000000000001,2018
Togo,0.259,0.474,0.434,0.158,139,3.9989999999999997,0.253,Sub-Saharan Africa,0.10099999999999999,2018
Guinea,0.344,0.792,0.39399999999999996,0.185,140,3.964,0.21100000000000002,Sub-Saharan Africa,0.094,2018
Lesotho,0.47200000000000003,1.215,0.423,0.11599999999999999,141,3.8080000000000003,0.079,Sub-Saharan Africa,0.11199999999999999,2018
Angola,0.73,1.125,0.0,0.079,142,3.795,0.26899999999999996,Sub-Saharan Africa,0.061,2018
Madagascar,0.262,0.9079999999999999,0.221,0.155,143,3.7739999999999996,0.402,Sub-Saharan Africa,0.049,2018
Zimbabwe,0.35700000000000004,1.094,0.406,0.132,144,3.6919999999999997,0.248,Sub-Saharan Africa,0.099,2018
Afghanistan,0.332,0.537,0.085,0.191,145,3.6319999999999997,0.255,Southern Asia,0.036000000000000004,2018
Botswana,1.0170000000000001,1.1740000000000002,0.557,0.042,146,3.59,0.41700000000000004,Sub-Saharan Africa,0.092,2018
Malawi,0.18600000000000003,0.541,0.531,0.21,147,3.5869999999999997,0.306,Sub-Saharan Africa,0.08,2018
Haiti,0.315,0.7140000000000001,0.025,0.392,148,3.582,0.289,Latin America and Caribbean,0.10400000000000001,2018
Liberia,0.076,0.858,0.419,0.20600000000000002,149,3.495,0.267,Sub-Saharan Africa,0.03,2018
Syria,0.6890000000000001,0.382,0.08800000000000001,0.376,150,3.4619999999999997,0.539,Middle East and Northern Africa,0.14400000000000002,2018
Rwanda,0.332,0.8959999999999999,0.636,0.2,151,3.408,0.4,Sub-Saharan Africa,0.444,2018
Yemen,0.442,1.073,0.244,0.083,152,3.355,0.34299999999999997,Middle East and Northern Africa,0.064,2018
Tanzania,0.455,0.991,0.48100000000000004,0.27,153,3.303,0.381,Sub-Saharan Africa,0.09699999999999999,2018
South Sudan,0.337,0.608,0.11199999999999999,0.22399999999999998,154,3.2539999999999996,0.177,Sub-Saharan Africa,0.106,2018
Central African Republic,0.024,0.0,0.305,0.218,155,3.083,0.01,Sub-Saharan Africa,0.038,2018
Burundi,0.091,0.627,0.065,0.149,156,2.905,0.145,Sub-Saharan Africa,0.076,2018
Finland,1.34,1.587,0.596,0.153,1,7.769,0.986,Western Europe,0.39299999999999996,2019
Denmark,1.383,1.5730000000000002,0.5920000000000001,0.252,2,7.6,0.996,Western Europe,0.41,2019
Norway,1.4880000000000002,1.5819999999999999,0.603,0.271,3,7.553999999999999,1.028,Western Europe,0.341,2019
Iceland,1.38,1.624,0.591,0.354,4,7.494,1.026,Western Europe,0.11800000000000001,2019
Netherlands,1.396,1.5219999999999998,0.557,0.322,5,7.4879999999999995,0.9990000000000001,Western Europe,0.298,2019
Switzerland,1.452,1.526,0.5720000000000001,0.263,6,7.48,1.052,Western Europe,0.34299999999999997,2019
Sweden,1.3869999999999998,1.4869999999999999,0.574,0.267,7,7.343,1.0090000000000001,Western Europe,0.373,2019
New Zealand,1.3030000000000002,1.557,0.585,0.33,8,7.307,1.026,Australia and New Zealand,0.38,2019
Canada,1.365,1.505,0.584,0.285,9,7.278,1.0390000000000001,North America,0.308,2019
Austria,1.376,1.475,0.532,0.244,10,7.246,1.016,Western Europe,0.226,2019
Australia,1.3719999999999999,1.548,0.557,0.332,11,7.228,1.036,Australia and New Zealand,0.29,2019
Costa Rica,1.034,1.4409999999999998,0.5579999999999999,0.14400000000000002,12,7.167000000000001,0.963,Latin America and Caribbean,0.09300000000000001,2019
Israel,1.276,1.455,0.371,0.261,13,7.138999999999999,1.0290000000000001,Middle East and Northern Africa,0.08199999999999999,2019
Luxembourg,1.609,1.479,0.526,0.19399999999999998,14,7.09,1.012,Western Europe,0.316,2019
United Kingdom,1.3330000000000002,1.538,0.45,0.348,15,7.053999999999999,0.996,Western Europe,0.278,2019
Ireland,1.499,1.5530000000000002,0.516,0.298,16,7.021,0.9990000000000001,Western Europe,0.31,2019
Germany,1.3730000000000002,1.454,0.495,0.261,17,6.985,0.987,Western Europe,0.265,2019
Belgium,1.3559999999999999,1.504,0.473,0.16,18,6.922999999999999,0.986,Western Europe,0.21,2019
United States,1.433,1.4569999999999999,0.45399999999999996,0.28,19,6.892,0.8740000000000001,North America,0.128,2019
Czech Republic,1.2690000000000001,1.4869999999999999,0.457,0.046,20,6.852,0.92,Central and Eastern Europe,0.036000000000000004,2019
United Arab Emirates,1.5030000000000001,1.31,0.598,0.262,21,6.825,0.825,Middle East and Northern Africa,0.182,2019
Malta,1.3,1.52,0.564,0.375,22,6.726,0.9990000000000001,Western Europe,0.151,2019
Mexico,1.07,1.3230000000000002,0.433,0.07400000000000001,23,6.595,0.861,Latin America and Caribbean,0.073,2019
France,1.324,1.472,0.436,0.111,24,6.5920000000000005,1.045,Western Europe,0.183,2019
Taiwan,1.368,1.43,0.35100000000000003,0.242,25,6.446000000000001,0.914,Eastern Asia,0.09699999999999999,2019
Chile,1.159,1.369,0.35700000000000004,0.187,26,6.444,0.92,Latin America and Caribbean,0.055999999999999994,2019
Guatemala,0.8,1.2690000000000001,0.535,0.175,27,6.436,0.746,Latin America and Caribbean,0.078,2019
Saudi Arabia,1.403,1.357,0.439,0.08,28,6.375,0.795,Middle East and Northern Africa,0.132,2019
Qatar,1.6840000000000002,1.3130000000000002,0.555,0.22,29,6.374,0.871,Middle East and Northern Africa,0.16699999999999998,2019
Spain,1.286,1.484,0.36200000000000004,0.153,30,6.354,1.062,Western Europe,0.079,2019
Panama,1.149,1.442,0.516,0.109,31,6.321000000000001,0.91,Latin America and Caribbean,0.054000000000000006,2019
Brazil,1.004,1.439,0.39,0.099,32,6.3,0.802,Latin America and Caribbean,0.086,2019
Uruguay,1.124,1.465,0.523,0.127,33,6.292999999999999,0.8909999999999999,Latin America and Caribbean,0.15,2019
Singapore,1.5719999999999998,1.463,0.556,0.271,34,6.2620000000000005,1.141,Southeastern Asia,0.45299999999999996,2019
El Salvador,0.794,1.242,0.43,0.09300000000000001,35,6.252999999999999,0.789,Latin America and Caribbean,0.07400000000000001,2019
Italy,1.294,1.4880000000000002,0.231,0.158,36,6.223,1.0390000000000001,Western Europe,0.03,2019
Bahrain,1.3619999999999999,1.368,0.536,0.255,37,6.199,0.871,Middle East and Northern Africa,0.11,2019
Slovakia,1.246,1.504,0.33399999999999996,0.121,38,6.1979999999999995,0.8809999999999999,Central and Eastern Europe,0.013999999999999999,2019
Trinidad & Tobago,1.2309999999999999,1.4769999999999999,0.489,0.185,39,6.192,0.713,Latin America and Caribbean,0.016,2019
Poland,1.206,1.4380000000000002,0.483,0.11699999999999999,40,6.182,0.884,Central and Eastern Europe,0.05,2019
Uzbekistan,0.745,1.5290000000000001,0.631,0.322,41,6.1739999999999995,0.7559999999999999,Central and Eastern Europe,0.24,2019
Lithuania,1.238,1.515,0.29100000000000004,0.043,42,6.149,0.818,Central and Eastern Europe,0.042,2019
Colombia,0.985,1.41,0.47,0.099,43,6.125,0.841,Latin America and Caribbean,0.034,2019
Slovenia,1.258,1.5230000000000001,0.564,0.14400000000000002,44,6.117999999999999,0.953,Central and Eastern Europe,0.057,2019
Nicaragua,0.6940000000000001,1.325,0.435,0.2,45,6.105,0.835,Latin America and Caribbean,0.127,2019
Kosovo,0.882,1.232,0.489,0.262,46,6.1,0.758,Central and Eastern Europe,0.006,2019
Argentina,1.092,1.432,0.47100000000000003,0.066,47,6.086,0.8809999999999999,Latin America and Caribbean,0.05,2019
Romania,1.162,1.232,0.462,0.083,48,6.07,0.825,Central and Eastern Europe,0.005,2019
Cyprus,1.263,1.2229999999999999,0.406,0.19,49,6.046,1.042,Western Europe,0.040999999999999995,2019
Ecuador,0.912,1.3119999999999998,0.498,0.126,50,6.028,0.868,Latin America and Caribbean,0.087,2019
Kuwait,1.5,1.319,0.493,0.142,51,6.021,0.8079999999999999,Middle East and Northern Africa,0.09699999999999999,2019
Thailand,1.05,1.409,0.557,0.359,52,6.007999999999999,0.828,Southeastern Asia,0.027999999999999997,2019
Latvia,1.187,1.465,0.264,0.075,53,5.94,0.812,Central and Eastern Europe,0.064,2019
South Korea,1.301,1.219,0.159,0.175,54,5.895,1.036,Eastern Asia,0.055999999999999994,2019
Estonia,1.237,1.528,0.495,0.10300000000000001,55,5.893,0.8740000000000001,Central and Eastern Europe,0.161,2019
Jamaica,0.831,1.4780000000000002,0.49,0.107,56,5.89,0.831,Latin America and Caribbean,0.027999999999999997,2019
Mauritius,1.12,1.402,0.498,0.215,57,5.888,0.7979999999999999,Sub-Saharan Africa,0.06,2019
Japan,1.327,1.419,0.445,0.069,58,5.886,1.088,Eastern Asia,0.14,2019
Honduras,0.642,1.236,0.507,0.24600000000000002,59,5.86,0.828,Latin America and Caribbean,0.078,2019
Kazakhstan,1.173,1.508,0.41,0.146,60,5.809,0.7290000000000001,Central and Eastern Europe,0.096,2019
Bolivia,0.7759999999999999,1.209,0.511,0.13699999999999998,61,5.779,0.706,Latin America and Caribbean,0.064,2019
Hungary,1.2009999999999998,1.41,0.19899999999999998,0.081,62,5.757999999999999,0.828,Central and Eastern Europe,0.02,2019
Paraguay,0.855,1.475,0.514,0.184,63,5.742999999999999,0.777,Latin America and Caribbean,0.08,2019
Northern Cyprus,1.263,1.252,0.41700000000000004,0.191,64,5.718,1.042,Western Europe,0.162,2019
Peru,0.96,1.274,0.455,0.083,65,5.697,0.8540000000000001,Latin America and Caribbean,0.027000000000000003,2019
Portugal,1.2209999999999999,1.431,0.508,0.047,66,5.693,0.9990000000000001,Western Europe,0.025,2019
Pakistan,0.677,0.8859999999999999,0.313,0.22,67,5.653,0.535,Southern Asia,0.098,2019
Russia,1.183,1.452,0.33399999999999996,0.08199999999999999,68,5.648,0.726,Central and Eastern Europe,0.031,2019
Philippines,0.807,1.2930000000000001,0.5579999999999999,0.11699999999999999,69,5.631,0.657,Southeastern Asia,0.107,2019
Serbia,1.004,1.383,0.282,0.13699999999999998,70,5.603,0.8540000000000001,Central and Eastern Europe,0.039,2019
Moldova,0.685,1.328,0.245,0.18100000000000002,71,5.529,0.7390000000000001,Central and Eastern Europe,0.0,2019
Libya,1.044,1.3030000000000002,0.41600000000000004,0.133,72,5.525,0.6729999999999999,Middle East and Northern Africa,0.152,2019
Montenegro,1.051,1.361,0.19699999999999998,0.142,73,5.523,0.871,Central and Eastern Europe,0.08,2019
Tajikistan,0.493,1.0979999999999999,0.389,0.23,74,5.4670000000000005,0.718,Central and Eastern Europe,0.14400000000000002,2019
Croatia,1.155,1.266,0.29600000000000004,0.11900000000000001,75,5.432,0.914,Central and Eastern Europe,0.022000000000000002,2019
Hong Kong,1.4380000000000002,1.2770000000000001,0.44,0.258,76,5.43,1.122,Eastern Asia,0.287,2019
Dominican Republic,1.015,1.401,0.49700000000000005,0.113,77,5.425,0.779,Latin America and Caribbean,0.10099999999999999,2019
Bosnia and Herzegovina,0.945,1.212,0.212,0.263,78,5.386,0.845,Central and Eastern Europe,0.006,2019
Turkey,1.183,1.36,0.195,0.083,79,5.372999999999999,0.8079999999999999,Middle East and Northern Africa,0.106,2019
Malaysia,1.2209999999999999,1.171,0.508,0.26,80,5.3389999999999995,0.828,Southeastern Asia,0.024,2019
Belarus,1.067,1.465,0.235,0.094,81,5.3229999999999995,0.789,Central and Eastern Europe,0.142,2019
Greece,1.181,1.156,0.067,0.0,82,5.287000000000001,0.9990000000000001,Western Europe,0.034,2019
Mongolia,0.948,1.531,0.317,0.235,83,5.285,0.667,Eastern Asia,0.038,2019
North Macedonia,0.983,1.294,0.345,0.185,84,5.274,0.838,Central and Eastern Europe,0.034,2019
Nigeria,0.696,1.111,0.426,0.215,85,5.265,0.245,Sub-Saharan Africa,0.040999999999999995,2019
Kyrgyzstan,0.551,1.4380000000000002,0.508,0.3,86,5.261,0.723,Central and Eastern Europe,0.023,2019
Turkmenistan,1.052,1.538,0.39399999999999996,0.244,87,5.247000000000001,0.657,Central and Eastern Europe,0.027999999999999997,2019
Algeria,1.002,1.16,0.086,0.073,88,5.211,0.785,Middle East and Northern Africa,0.114,2019
Morocco,0.8009999999999999,0.782,0.418,0.036000000000000004,89,5.207999999999999,0.782,Middle East and Northern Africa,0.076,2019
Azerbaijan,1.043,1.147,0.35100000000000003,0.035,90,5.207999999999999,0.769,Central and Eastern Europe,0.182,2019
Lebanon,0.987,1.224,0.21600000000000003,0.166,91,5.197,0.815,Middle East and Northern Africa,0.027000000000000003,2019
Indonesia,0.9309999999999999,1.203,0.491,0.498,92,5.192,0.66,Southeastern Asia,0.027999999999999997,2019
China,1.0290000000000001,1.125,0.521,0.057999999999999996,93,5.191,0.893,Eastern Asia,0.1,2019
Vietnam,0.741,1.3459999999999999,0.5429999999999999,0.147,94,5.175,0.851,Southeastern Asia,0.073,2019
Bhutan,0.813,1.321,0.457,0.37,95,5.082,0.604,Southern Asia,0.16699999999999998,2019
Cameroon,0.5489999999999999,0.91,0.381,0.187,96,5.044,0.331,Sub-Saharan Africa,0.037000000000000005,2019
Bulgaria,1.092,1.5130000000000001,0.311,0.081,97,5.011,0.815,Central and Eastern Europe,0.004,2019
Ghana,0.611,0.868,0.381,0.245,98,4.996,0.486,Sub-Saharan Africa,0.04,2019
Ivory Coast,0.569,0.8079999999999999,0.35200000000000004,0.154,99,4.944,0.23199999999999998,Sub-Saharan Africa,0.09,2019
Nepal,0.446,1.226,0.439,0.285,100,4.913,0.677,Southern Asia,0.08900000000000001,2019
Jordan,0.8370000000000001,1.225,0.38299999999999995,0.11,101,4.906000000000001,0.815,Middle East and Northern Africa,0.13,2019
Benin,0.39299999999999996,0.43700000000000006,0.349,0.175,102,4.883,0.397,Sub-Saharan Africa,0.08199999999999999,2019
Congo (Brazzaville),0.6729999999999999,0.799,0.37200000000000005,0.105,103,4.812,0.508,Sub-Saharan Africa,0.09300000000000001,2019
Gabon,1.057,1.183,0.295,0.043,104,4.7989999999999995,0.5710000000000001,Sub-Saharan Africa,0.055,2019
Laos,0.764,1.03,0.547,0.266,105,4.796,0.551,Southeastern Asia,0.16399999999999998,2019
South Africa,0.96,1.351,0.389,0.13,106,4.7219999999999995,0.469,Sub-Saharan Africa,0.055,2019
Albania,0.9470000000000001,0.848,0.38299999999999995,0.17800000000000002,107,4.718999999999999,0.8740000000000001,Central and Eastern Europe,0.027000000000000003,2019
Venezuela,0.96,1.4269999999999998,0.154,0.064,108,4.707,0.805,Latin America and Caribbean,0.047,2019
Cambodia,0.574,1.122,0.609,0.23199999999999998,109,4.7,0.637,Southeastern Asia,0.062,2019
Palestinian Territories,0.657,1.247,0.225,0.10300000000000001,110,4.696000000000001,0.672,Middle East and Northern Africa,0.066,2019
Senegal,0.45,1.1340000000000001,0.292,0.153,111,4.681,0.5710000000000001,Sub-Saharan Africa,0.07200000000000001,2019
Somalia,0.0,0.698,0.5589999999999999,0.243,112,4.668,0.268,Sub-Saharan Africa,0.27,2019
Namibia,0.879,1.3130000000000002,0.401,0.07,113,4.638999999999999,0.47700000000000004,Sub-Saharan Africa,0.055999999999999994,2019
Niger,0.138,0.774,0.318,0.188,114,4.628,0.366,Sub-Saharan Africa,0.102,2019
Burkina Faso,0.331,1.056,0.255,0.177,115,4.587,0.38,Sub-Saharan Africa,0.113,2019
Armenia,0.85,1.055,0.28300000000000003,0.095,116,4.559,0.815,Central and Eastern Europe,0.064,2019
Iran,1.1,0.8420000000000001,0.305,0.27,117,4.548,0.785,Middle East and Northern Africa,0.125,2019
Guinea,0.38,0.8290000000000001,0.332,0.207,118,4.534,0.375,Sub-Saharan Africa,0.086,2019
Georgia,0.8859999999999999,0.6659999999999999,0.34600000000000003,0.043,119,4.519,0.752,Central and Eastern Europe,0.16399999999999998,2019
Gambia,0.308,0.9390000000000001,0.382,0.26899999999999996,120,4.516,0.428,Sub-Saharan Africa,0.16699999999999998,2019
Kenya,0.512,0.983,0.431,0.37200000000000005,121,4.5089999999999995,0.581,Sub-Saharan Africa,0.053,2019
Mauritania,0.57,1.167,0.066,0.106,122,4.49,0.489,Sub-Saharan Africa,0.08800000000000001,2019
Mozambique,0.204,0.986,0.494,0.19699999999999998,123,4.466,0.39,Sub-Saharan Africa,0.138,2019
Tunisia,0.9209999999999999,1.0,0.16699999999999998,0.059000000000000004,124,4.461,0.815,Middle East and Northern Africa,0.055,2019
Bangladesh,0.562,0.9279999999999999,0.527,0.166,125,4.456,0.723,Southern Asia,0.14300000000000002,2019
Iraq,1.043,0.98,0.24100000000000002,0.14800000000000002,126,4.437,0.574,Middle East and Northern Africa,0.08900000000000001,2019
Congo (Kinshasa),0.094,1.125,0.26899999999999996,0.212,127,4.418,0.35700000000000004,Sub-Saharan Africa,0.053,2019
Mali,0.385,1.105,0.327,0.153,128,4.39,0.308,Sub-Saharan Africa,0.052000000000000005,2019
Sierra Leone,0.268,0.841,0.309,0.252,129,4.374,0.242,Sub-Saharan Africa,0.045,2019
Sri Lanka,0.9490000000000001,1.265,0.47,0.244,130,4.3660000000000005,0.831,Southern Asia,0.047,2019
Myanmar,0.71,1.181,0.525,0.5660000000000001,131,4.36,0.555,Southeastern Asia,0.172,2019
Chad,0.35,0.7659999999999999,0.174,0.198,132,4.35,0.192,Sub-Saharan Africa,0.078,2019
Ukraine,0.82,1.39,0.17800000000000002,0.187,133,4.332,0.7390000000000001,Central and Eastern Europe,0.01,2019
Ethiopia,0.336,1.033,0.344,0.209,134,4.2860000000000005,0.532,Sub-Saharan Africa,0.1,2019
Swaziland,0.8109999999999999,1.149,0.313,0.07400000000000001,135,4.212,0.0,Sub-Saharan Africa,0.135,2019
Uganda,0.332,1.069,0.35600000000000004,0.252,136,4.189,0.44299999999999995,Sub-Saharan Africa,0.06,2019
Egypt,0.9129999999999999,1.0390000000000001,0.24100000000000002,0.076,137,4.166,0.644,Middle East and Northern Africa,0.067,2019
Zambia,0.578,1.058,0.431,0.247,138,4.107,0.426,Sub-Saharan Africa,0.087,2019
Togo,0.275,0.5720000000000001,0.293,0.177,139,4.085,0.41,Sub-Saharan Africa,0.085,2019
India,0.755,0.765,0.498,0.2,140,4.015,0.588,Southern Asia,0.085,2019
Liberia,0.073,0.922,0.37,0.233,141,3.975,0.44299999999999995,Sub-Saharan Africa,0.033,2019
Comoros,0.27399999999999997,0.757,0.142,0.275,142,3.9730000000000003,0.505,Sub-Saharan Africa,0.078,2019
Madagascar,0.27399999999999997,0.9159999999999999,0.14800000000000002,0.16899999999999998,143,3.9330000000000003,0.555,Sub-Saharan Africa,0.040999999999999995,2019
Lesotho,0.489,1.169,0.359,0.107,144,3.802,0.168,Sub-Saharan Africa,0.09300000000000001,2019
Burundi,0.046,0.447,0.22,0.17600000000000002,145,3.775,0.38,Sub-Saharan Africa,0.18,2019
Zimbabwe,0.366,1.114,0.361,0.151,146,3.6630000000000003,0.433,Sub-Saharan Africa,0.08900000000000001,2019
Haiti,0.32299999999999995,0.688,0.026000000000000002,0.419,147,3.597,0.449,Latin America and Caribbean,0.11,2019
Botswana,1.041,1.145,0.455,0.025,148,3.488,0.5379999999999999,Sub-Saharan Africa,0.1,2019
Syria,0.619,0.37799999999999995,0.013000000000000001,0.331,149,3.4619999999999997,0.44,Middle East and Northern Africa,0.141,2019
Malawi,0.191,0.56,0.44299999999999995,0.218,150,3.41,0.495,Sub-Saharan Africa,0.08900000000000001,2019
Yemen,0.287,1.163,0.14300000000000002,0.10800000000000001,151,3.38,0.46299999999999997,Middle East and Northern Africa,0.077,2019
Rwanda,0.359,0.711,0.555,0.217,152,3.3339999999999996,0.614,Sub-Saharan Africa,0.41100000000000003,2019
Tanzania,0.47600000000000003,0.885,0.41700000000000004,0.276,153,3.2310000000000003,0.499,Sub-Saharan Africa,0.147,2019
Afghanistan,0.35,0.517,0.0,0.158,154,3.2030000000000003,0.361,Southern Asia,0.025,2019
Central African Republic,0.026000000000000002,0.0,0.225,0.235,155,3.083,0.105,Sub-Saharan Africa,0.035,2019
South Sudan,0.306,0.575,0.01,0.20199999999999999,156,2.853,0.295,Sub-Saharan Africa,0.091,2019
